event_id,event_time,ingestion_date,loan_id,customer_id,event_type,installment_number,principal_amount,installment_amount,outstanding_balance,interest_rate,term_months,days_past_due,loan_status,channel,region,product_type
EVT000008660,2024-03-04 10:22:31,,LN100869,CU900869,PAYMENT,6,13047736.0,381385.32,10759424.08,0.0923,12,0,ACTIVE,APP,SANTANDER,CONSUMO
EVT000012632,2025-08-19 00:48:11,2025-08-19,LN101270,CU901270,PAYMENT,3,20014665.0,1007137.94,16993251.18,0.3032,12,0,ACTIVE,ONLINE,BOGOTA,CONSUMO
EVT000009580,2025-07-22 00:58:09,,LN100963,CU900963,PAYMENT,4,17205506.0,332582.43,15875176.28,0.1866,24,0,ACTIVE,OFFLINE,NARINO,LIBRANZA
EVT000006253,2025-09-01 04:30:25,2025-09-01,LN100624,CU900624,PAYMENT,7,12164759.0,327901.08,0.0,0.3391,24,170,DELINQUENT,AGENTE,RISARALDA,CONSUMO
EVT000011928,2026-01-04 14:34:47,,LN101198,CU901198,PAYMENT,6,7227535.0,153296.02,6307758.88,0.2242,24,-6,DELINQUENT,OFFLINE,SANTANDER,CONSUMO
EVT000012790,2025-01-25 00:38:48,2025-01-25,LN101285,CU901285,CLOSE,4,6425343.0,95833.99,0.0,0.0983,24,0,CLOSED,OFFLINE,ANTIOQUIA,CONSUMO
EVT000010829,2026-03-18 10:09:41,2026-03-19,LN101090,CU901090,CLOSE,2,29168133.0,962159.48,0.0,0.2948,18,0,CLOSED,ONLINE,BOLIVAR,CONSUMO
EVT000017865,2024-06-05 00:48:38,2024-06-05,LN101803,CU901803,PAYMENT,1,17156160.0,412691.43,16743468.57,0.2811,24,0,ACTIVE,ONLINE,BOLIVAR,LIBRANZA
EVT000005133,2025-12-22 17:13:31,,LN100514,CU900514,DELINQUENCY,3,6404977.0,141101.64,5981672.08,0.2406,24,51,DELINQUENT,AGENTE,CUNDINAMARCA,CONSUMO
EVT000010513,2026-05-26 12:00:30,2026-05-26,LN101056,CU901056,PAYMENT,6,11078395.0,365808.6,8883543.4,0.2953,18,0,ACTIVE,OFFLINE,RISARALDA,CONSUMO
EVT000018732,2024-03-22 05:11:51,2024-03-23,LN101891,CU901891,PAYMENT,5,26233841.0,1329268.72,19587497.4,0.3067,12,177,DELINQUENT,OFFLINE,BOGOTA,VEHICULO
EVT000011155,2024-07-24 04:05:10,2024-07-24,LN101122,CU901122,PAYMENT,6,9402081.0,148458.86,8511327.84,0.2737,36,29,DELINQUENT,APP,ANTIOQUIA,CONSUMO
EVT000006534,2025-08-26 04:48:52,2025-08-26,LN100652,CU900652,PAYMENT,5,1029535.0,50000.0,779535.0,0.2181,24,0,ACTIVE,ONLINE,BOLIVAR,CONSUMO
EVT000010149,2023-09-20 12:17:53,2023-09-20,LN101019,CU901019,PAYMENT,1,13449322.0,305434.1,13143887.9,0.2542,24,30,DELINQUENT,ONLINE,VALLE,CONSUMO
EVT000016763,2024-07-09 02:15:36,2024-07-10,LN101688,CU901688,PAYMENT,6,16070999.0,552199.53,12757801.82,0.3154,18,0,ACTIVE,ONLINE,SANTANDER,CONSUMO
EVT000002688,2024-11-06 14:36:09,2024-11-07,LN100268,CU900268,PAYMENT,6,28692072.0,407857.8,26244925.2,0.0843,24,0,ACTIVE,OFFLINE,RISARALDA,CONSUMO
EVT000000524,2023-05-04 07:36:40,2023-05-05,LN100053,CU900053,PAYMENT,1,14662863.0,242474.88,14420388.12,0.2961,36,0,ACTIVE,ONLINE,NARINO,LIBRANZA
EVT000004696,2025-07-18 03:22:57,2025-07-19,LN100471,CU900471,PAYMENT,5,2968361.0,57309.16,2681815.2,0.0896,18,17,DELINQUENT,OFFLINE,RISARALDA,CONSUMO
EVT000017448,2026-06-19 03:17:43,2026-06-19,LN101760,CU901760,PAYMENT,6,14132262.0,187464.46,13007475.24,0.3306,48,132,DELINQUENT,ONLINE,CALDAS,MICROCREDITO
EVT000000927,2025-08-26 00:39:30,2025-08-27,LN100095,CU900095,PAYMENT,8,1944005.0,50000.0,1544005.0,0.1745,36,26,DELINQUENT,ONLINE,BOGOTA,MICROCREDITO
EVT000009675,2023-08-30 03:46:53,2023-08-30,LN100972,CU900972,DELINQUENCY,9,29635347.0,1102138.55,19716100.05,0.1719,12,39,DELINQUENT,OFFLINE,BOGOTA,MICROCREDITO
EVT000009049,2025-12-27 07:39:40,2025-12-27,LN100909,CU900909,PAYMENT,3,2623267.0,122900.06,2254566.82,0.2685,12,0,ACTIVE,APP,BOGOTA,VEHICULO
EVT000004535,2024-12-11 10:47:58,2024-12-11,LN100454,CU900454,PAYMENT,6,7172930.0,83182.08,6673837.52,0.1479,36,54,DELINQUENT,OFFLINE,ANTIOQUIA,CONSUMO
EVT000009686,2026-04-12 00:52:36,2026-04-12,LN100973,CU900973,CHARGEOFF,7,15578898.0,498524.74,12089224.82,0.12,12,285,CHARGEOFF,ONLINE,VALLE,LIBRANZA
EVT000005101,2025-10-02 23:30:07,2025-10-03,LN100511,CU900511,DISBURSEMENT,2,21388161.0,373758.11,20640644.78,0.1495,24,0,ACTIVE,OFFLINE,SANTANDER,CONSUMO
EVT000006389,2023-05-07 10:47:39,2023-05-08,LN100638,CU900638,PAYMENT,4,17518423.0,276732.69,16411492.24,0.2739,36,0,ACTIVE,ONLINE,VALLE,CONSUMO
EVT000008136,2023-11-27 21:24:06,2023-11-28,LN100816,CU900816,PAYMENT,6,27119132.0,729504.65,22742104.1,0.338,24,0,ACTIVE,ONLINE,BOGOTA,CONSUMO
EVT000006729,2024-03-16 17:00:44,2024-03-17,LN100673,CU900673,PAYMENT,4,27997814.0,357462.09,26567965.64,0.3107,48,303,DELINQUENT,AGENTE,BOGOTA,CONSUMO
EVT000013870,2024-07-10 05:31:38,2024-07-11,LN101393,CU901393,PAYMENT,1,1442792.0,50000.0,1392792.0,0.0856,18,0,ACTIVE,ONLINE,CUNDINAMARCA,LIBRANZA
EVT000000765,2025-11-28 10:58:42,2025-11-29,LN100079,CU900079,PAYMENT,3,16284220.0,583626.44,14533340.68,0.1584,12,9,DELINQUENT,ONLINE,ANTIOQUIA,CONSUMO
EVT000011116,2023-11-24 23:12:51,2023-11-24,LN101119,CU901119,DELINQUENCY,0,13305927.0,599032.83,13305927.0,0.2502,12,30,DELINQUENT,ONLINE,NARINO,CONSUMO
EVT000010664,2026-02-19 22:49:03,2026-02-20,LN101072,CU901072,PAYMENT,6,18947602.0,236213.44,17530321.36,0.174,36,43,DELINQUENT,OFFLINE,,CONSUMO
EVT000017133,2024-09-15 17:23:37,2024-09-16,LN101724,CU901724,PAYMENT,6,19605216.0,309174.26,17750170.44,0.1154,24,0,ACTIVE,OFFLINE,VALLE,MICROCREDITO
EVT000005451,2025-04-10 05:36:47,2025-04-11,LN100546,CU900546,PAYMENT,6,21456037.0,848800.82,16363232.08,0.1956,12,60,DELINQUENT,ONLINE,BOGOTA,CONSUMO
EVT000003961,2023-10-04 09:00:22,2023-10-04,LN100396,CU900396,PAYMENT,4,4972697.0,,4584031.0,0.1908,24,0,ACTIVE,OFFLINE,BOGOTA,CONSUMO
EVT000014045,2024-02-02 18:51:01,2024-02-02,LN101411,CU901411,PAYMENT,5,5839541.0,82648.97,0.0,0.2246,36,17,DELINQUENT,OFFLINE,NARINO,CONSUMO
EVT000001357,2025-08-03 06:47:40,2025-08-03,LN100137,CU900137,PAYMENT,6,28437289.0,2043503.59,16176267.46,0.1593,6,2,DELINQUENT,OFFLINE,BOGOTA,MICROCREDITO
EVT000018501,2025-06-18 11:25:56,2025-06-19,LN101868,CU901868,DISBURSEMENT,0,6805354.0,388994.03,6805354.0,0.0858,6,0,ACTIVE,APP,CALDAS,VEHICULO
EVT000000039,2024-08-04 08:48:33,2024-08-05,LN100003,CU900003,PAYMENT,8,2560809.0,73853.73,1969979.16,0.2326,18,1,DELINQUENT,APP,RISARALDA,CONSUMO
EVT000018209,2024-10-15 06:08:09,2024-10-16,LN101838,CU901838,PAYMENT,6,5416762.0,86478.61,4897890.34,0.1193,24,0,ACTIVE,ONLINE,BOGOTA,MICROCREDITO
EVT000011317,2025-09-27 17:16:34,2025-09-28,LN101137,CU901137,PAYMENT,6,25042394.0,1105120.85,18411668.9,0.2413,12,0,ACTIVE,ONLINE,BOLIVAR,CONSUMO
EVT000012392,2024-02-24 17:37:08,2024-02-27,LN101246,CU901246,PAYMENT,2,13741872.0,321697.22,13098477.56,0.2682,24,0,ACTIVE,ONLINE,BOLIVAR,MICROCREDITO
EVT000004075,2024-07-06 09:54:24,2024-07-06,LN100407,CU900407,PAYMENT,5,8760688.0,357611.28,6972631.6,0.2082,12,0,ACTIVE,ONLINE,BOGOTA,CONSUMO
EVT000000373,2025-09-29 07:53:39,2025-09-30,LN100039,CU900039,PAYMENT,3,16026786.0,474820.25,14602325.25,0.2444,18,0,ACTIVE,AGENTE,NARINO,VEHICULO
EVT000018607,2026-03-30 19:33:43,2026-03-30,LN101879,CU901879,PAYMENT,5,2774224.0,57592.89,2486259.55,0.2152,24,0,ACTIVE,ONLINE,BOGOTA,VEHICULO
EVT000019454,2025-06-29 17:06:24,,LN101963,CU901963,PAYMENT,1,28539961.0,1189830.97,27350130.03,0.2169,12,0,ACTIVE,ONLINE,RISARALDA,CONSUMO
EVT000013752,2025-05-25 21:17:51,,LN101381,CU901381,PAYMENT,3,2683911.0,109718.28,2354756.16,0.2088,12,0,ACTIVE,OFFLINE,BOGOTA,VEHICULO
EVT000009277,2024-08-15 15:48:41,2024-08-16,LN100932,CU900932,DELINQUENCY,6,22598865.0,981242.72,0.0,0.2342,12,9,DELINQUENT,ONLINE,CUNDINAMARCA,CONSUMO
EVT000019294,2023-04-10 18:21:24,2023-04-11,LN101947,CU901947,DISBURSEMENT,0,4012241.0,,4012241.0,0.1238,24,0,ACTIVE,ONLINE,BOGOTA,VEHICULO
EVT000016288,2025-10-12 02:24:29,2025-10-13,LN101639,CU901639,PAYMENT,8,1240937.0,50000.0,840937.0,0.179,36,18,DELINQUENT,ONLINE,BOGOTA,MICROCREDITO
EVT000009602,2023-04-09 21:41:19,2023-04-09,LN100966,CU900966,DISBURSEMENT,0,11924292.0,209748.3,11924292.0,0.3277,36,0,ACTIVE,ONLINE,BOGOTA,CONSUMO
EVT000010810,2025-02-13 12:57:14,2025-02-13,LN101088,CU901088,PAYMENT,5,21051689.0,632954.12,17886918.4,0.251,18,186,DELINQUENT,ONLINE,ATLANTICO,MICROCREDITO
EVT000009915,2026-05-15 13:23:41,2026-05-16,LN100996,CU900996,PAYMENT,6,29494178.0,770387.93,24871850.42,0.3224,24,0,ACTIVE,ONLINE,BOGOTA,CONSUMO
EVT000003710,2023-04-07 01:34:59,2023-04-08,LN100370,CU900370,DISBURSEMENT,0,22934500.0,615676.65,22934500.0,0.3369,24,0,ACTIVE,ONLINE,BOGOTA,CONSUMO
EVT000006830,2024-09-22 08:35:19,,LN100684,CU900684,PAYMENT,6,24744555.0,397232.59,0.0,0.2816,36,270,DELINQUENT,ONLINE,SANTANDER,CONSUMO
EVT000007688,2024-04-11 05:03:04,,LN100770,CU900770,PAYMENT,1,2965386.0,53095.24,2912290.76,0.1581,24,329,DELINQUENT,APP,ANTIOQUIA,CONSUMO
EVT000002987,2024-02-16 20:58:14,2024-02-17,LN100297,CU900297,PAYMENT,1,26219011.0,479021.33,25739989.67,0.1654,24,0,ACTIVE,ONLINE,ANTIOQUIA,CONSUMO
EVT000011136,2025-01-24 19:12:42,,LN101120,CU901120,PAYMENT,7,28303965.0,624668.51,23931285.43,0.2414,24,0,ACTIVE,OFFLINE,BOGOTA,CONSUMO
EVT000013503,2025-06-10 09:00:42,2025-06-11,LN101356,CU901356,PAYMENT,6,23903893.0,357522.56,21758757.64,0.2487,36,1,DELINQUENT,OFFLINE,NARINO,CONSUMO
EVT000012218,2025-07-20 23:36:03,2025-07-21,LN101229,CU901229,PAYMENT,1,29350873.0,1205733.86,28145139.14,0.2108,12,42,DELINQUENT,OFFLINE,BOGOTA,CONSUMO
EVT000017792,2024-05-10 03:05:12,2024-05-10,LN101796,CU901796,PAYMENT,11,16120264.0,844863.04,6826770.56,0.3241,12,0,ACTIVE,ONLINE,NARINO,MICROCREDITO
EVT000014564,2023-07-30 11:19:35,2023-07-30,LN101465,CU901465,DISBURSEMENT,3,11224528.0,159163.81,10747036.57,0.0836,24,0,ACTIVE,ONLINE,BOGOTA,MICROCREDITO
EVT000012629,2025-06-02 23:48:29,2025-06-02,LN101270,CU901270,DISBURSEMENT,0,20014665.0,1007137.94,20014665.0,0.3032,12,0,ACTIVE,ONLINE,BOGOTA,CONSUMO
EVT000013521,2024-04-07 20:12:07,2024-04-08,LN101358,CU901358,PAYMENT,5,21062601.0,697312.51,17576038.45,0.2966,18,0,ACTIVE,ONLINE,ANTIOQUIA,VEHICULO
EVT000003921,2024-11-24 19:23:02,,LN100393,CU900393,DISBURSEMENT,0,21136574.0,2043483.97,21136574.0,0.2834,6,0,ACTIVE,APP,ATLANTICO,VEHICULO
EVT000003461,2024-06-26 14:27:32,2024-06-26,LN100346,CU900346,PAYMENT,4,12421074.0,261960.45,11373232.2,0.2218,24,0,ACTIVE,AGENTE,BOLIVAR,MICROCREDITO
EVT000004297,2024-11-29 18:51:33,,LN100430,CU900430,DELINQUENCY,6,10194090.0,289308.27,8458240.38,0.0838,12,12,DELINQUENT,ONLINE,BOLIVAR,VEHICULO
EVT000001261,2024-03-17 05:45:16,2024-03-18,LN100129,CU900129,PAYMENT,2,12488478.0,159228.09,12170021.82,0.31,48,0,ACTIVE,ONLINE,BOGOTA,MICROCREDITO
EVT000016500,2025-03-16 03:55:21,2025-03-17,LN101662,CU901662,PAYMENT,1,9265098.0,84613.51,9180484.49,0.1653,48,0,ACTIVE,AGENTE,BOLIVAR,CONSUMO
EVT000007709,2025-04-17 02:06:25,,LN100772,CU900772,PAYMENT,3,10874414.0,991094.09,7901131.73,0.2557,6,0,ACTIVE,OFFLINE,BOLIVAR,VEHICULO
EVT000007353,2025-09-18 21:18:02,,LN100737,CU900737,DISBURSEMENT,5,26449611.0,915861.86,21870301.7,0.3194,18,0,ACTIVE,ONLINE,NARINO,MICROCREDITO
EVT000002523,2025-10-03 09:03:30,2025-10-04,LN100251,CU900251,DISBURSEMENT,6,1656805.0,50000.0,1356805.0,0.2076,24,180,DELINQUENT,APP,ANTIOQUIA,CONSUMO
EVT000009583,2026-01-17 00:56:41,2026-01-17,LN100964,CU900964,PAYMENT,1,19322540.0,888257.16,18434282.84,0.2597,12,0,ACTIVE,OFFLINE,VALLE,CONSUMO
EVT000002351,2023-09-10 17:13:02,2023-09-10,LN100234,CU900234,PAYMENT,7,16796746.0,347356.71,14365249.03,0.1102,18,35,DELINQUENT,ONLINE,BOGOTA,CONSUMO
EVT000019327,2024-06-09 10:01:59,2024-06-10,LN101950,CU901950,CHARGEOFF,4,9889816.0,473524.39,7995718.44,0.2788,12,338,CHARGEOFF,OFFLINE,NARINO,CONSUMO
EVT000006525,2024-04-27 23:10:56,2024-04-28,LN100651,CU900651,PAYMENT,3,28376858.0,1092509.03,25099330.91,0.185,12,0,ACTIVE,AGENTE,ANTIOQUIA,VEHICULO
EVT000001463,2024-05-09 16:04:25,2024-05-09,LN100148,CU900148,PAYMENT,7,29153823.0,678117.92,24406997.56,0.2652,24,0,ACTIVE,ONLINE,BOGOTA,CONSUMO
EVT000014422,2023-09-16 21:54:33,2023-09-17,LN101452,CU901452,DISBURSEMENT,0,10029048.0,232623.77,10029048.0,0.2639,24,0,ACTIVE,ONLINE,CUNDINAMARCA,CONSUMO
EVT000007672,2023-11-07 04:17:26,2023-11-07,LN100768,CU900768,PAYMENT,5,3763200.0,50000.0,3513200.0,0.1977,36,33,DELINQUENT,ONLINE,BOGOTA,CONSUMO
EVT000000511,2026-03-23 10:52:00,,LN100051,CU900051,PAYMENT,8,1431952.0,50000.0,0.0,0.2695,24,0,ACTIVE,OFFLINE,NARINO,LIBRANZA
EVT000004916,2025-03-18 17:10:22,2025-03-18,LN100493,CU900493,PAYMENT,3,9220193.0,192609.83,8642363.51,0.2178,24,0,ACTIVE,AGENTE,RISARALDA,CONSUMO
EVT000007533,2025-10-17 08:21:49,,LN100756,CU900756,DISBURSEMENT,0,25844110.0,2445369.69,25844110.0,0.2731,6,0,ACTIVE,AGENTE,ATLANTICO,MICROCREDITO
EVT000018662,2025-03-23 18:45:58,2025-03-24,LN101885,CU901885,DISBURSEMENT,0,24875897.0,864520.34,24875897.0,0.3213,18,0,ACTIVE,APP,ANTIOQUIA,CONSUMO
EVT000013135,2024-10-11 16:03:44,2024-10-11,LN101319,CU901319,PAYMENT,4,29748918.0,602118.1,27340445.6,0.1036,18,22,DELINQUENT,OFFLINE,CALDAS,MICROCREDITO
EVT000000629,2023-12-27 09:00:11,2023-12-28,LN100064,CU900064,PAYMENT,10,14460971.0,207081.1,0.0,0.0864,24,0,ACTIVE,ONLINE,ANTIOQUIA,CONSUMO
EVT000006314,2025-10-11 19:38:55,2025-10-12,LN100630,CU900630,DELINQUENCY,5,2373906.0,168689.76,1530457.2,0.1553,6,43,DELINQUENT,OFFLINE,BOGOTA,CONSUMO
EVT000017327,2025-06-26 02:44:48,2025-06-26,LN101746,CU901746,PAYMENT,3,25590764.0,2324153.19,18618304.43,0.2541,6,10,DELINQUENT,OFFLINE,BOGOTA,CONSUMO
EVT000016031,2025-01-21 04:09:09,2025-01-21,LN101614,CU901614,DELINQUENCY,5,15756474.0,234929.03,14581828.85,0.2473,36,42,DELINQUENT,AGENTE,ANTIOQUIA,CONSUMO
EVT000009434,2023-06-25 16:04:34,2023-06-26,LN100949,CU900949,DELINQUENCY,2,26381872.0,653478.97,25074914.06,0.2954,24,35,DELINQUENT,APP,BOGOTA,VEHICULO
EVT000006710,2023-09-06 13:47:18,,LN100672,CU900672,DISBURSEMENT,0,16187469.0,284413.83,16187469.0,0.3271,36,0,ACTIVE,ONLINE,CUNDINAMARCA,CONSUMO
EVT000002244,2024-10-25 14:27:39,2024-10-26,LN100223,CU900223,PAYMENT,4,9502257.0,336474.92,8156357.32,0.1541,12,9,DELINQUENT,ONLINE,ANTIOQUIA,LIBRANZA
EVT000005593,2023-10-28 15:00:10,2023-10-28,LN100560,CU900560,PAYMENT,2,27102186.0,1055630.14,24990925.72,0.1895,12,0,ACTIVE,AGENTE,NARINO,MICROCREDITO
EVT000011484,2025-12-02 01:40:22,2025-12-03,LN101152,CU901152,PAYMENT,9,1647456.0,50000.0,1197456.0,0.2946,24,92,DELINQUENT,APP,CALDAS,VEHICULO
EVT000019606,2023-04-22 20:24:38,2023-04-23,LN101978,CU901978,DISBURSEMENT,0,17671820.0,308255.45,17671820.0,0.3233,36,0,ACTIVE,AGENTE,BOGOTA,LIBRANZA
EVT000009702,2024-01-30 09:23:54,,LN100975,CU900975,DISBURSEMENT,0,25064391.0,631121.37,25064391.0,0.3036,24,0,ACTIVE,ONLINE,BOLIVAR,CONSUMO
EVT000008171,2024-02-11 01:49:19,2024-02-12,LN100819,CU900819,DELINQUENCY,4,17126027.0,577603.8,14815611.8,0.3059,18,59,DELINQUENT,OFFLINE,ANTIOQUIA,CONSUMO
EVT000016936,2023-12-19 05:44:39,2023-12-19,LN101705,CU901705,PAYMENT,10,29982096.0,959027.31,20391822.9,0.2798,18,211,DELINQUENT,OFFLINE,ANTIOQUIA,LIBRANZA
EVT000007044,2025-07-17 19:11:35,2025-07-17,LN100706,CU900706,DISBURSEMENT,0,10331407.0,149908.72,10331407.0,0.0902,24,0,ACTIVE,APP,CUNDINAMARCA,CONSUMO
EVT000007362,2024-06-18 21:29:47,2024-06-19,LN100738,CU900738,DISBURSEMENT,0,22541852.0,598411.03,22541852.0,0.1982,18,0,ACTIVE,ONLINE,ATLANTICO,LIBRANZA
EVT000016140,2025-05-27 03:58:52,2025-05-28,LN101626,CU901626,PAYMENT,6,15024562.0,374937.94,12774934.36,0.2991,24,0,ACTIVE,ONLINE,BOLIVAR,VEHICULO
EVT000017704,2026-01-05 20:26:19,2026-01-06,LN101788,CU901788,PAYMENT,2,15636382.0,261544.55,15113292.9,0.3018,36,18,DELINQUENT,ONLINE,BOGOTA,LIBRANZA
EVT000017697,2025-11-19 00:28:41,2025-11-19,LN101787,CU901787,DELINQUENCY,8,2447180.0,62386.78,1948085.76,0.1824,18,25,DELINQUENT,ONLINE,ANTIOQUIA,CONSUMO
EVT000011758,2025-04-08 06:31:50,,LN101182,CU901182,PAYMENT,1,23499817.0,417513.42,23082303.58,0.333,36,0,ACTIVE,ONLINE,SANTANDER,CONSUMO
EVT000004576,2024-03-04 21:10:40,2024-03-04,LN100459,CU900459,DELINQUENCY,1,5736421.0,214427.42,5521993.58,0.1738,12,25,DELINQUENT,ONLINE,ANTIOQUIA,CONSUMO
EVT000015965,2024-07-26 21:14:52,2024-07-26,LN101607,CU901607,PAYMENT,6,21812905.0,456544.1,19073640.4,0.2186,24,21,DELINQUENT,OFFLINE,BOLIVAR,CONSUMO
EVT000003707,2023-06-23 16:38:13,2023-06-24,LN100369,CU900369,PAYMENT,5,29196131.0,315804.82,27617106.9,0.1245,36,0,ACTIVE,ONLINE,RISARALDA,MICROCREDITO
EVT000007717,2025-05-27 12:33:37,2025-05-27,LN100773,CU900773,DISBURSEMENT,2,28309934.0,2387093.63,23535746.74,0.2216,6,44,DELINQUENT,ONLINE,BOLIVAR,MICROCREDITO
EVT000017863,2024-01-18 23:39:06,2024-01-18,LN101802,CU901802,DISBURSEMENT,8,9672716.0,302884.98,7249636.16,0.2697,18,0,ACTIVE,OFFLINE,NARINO,VEHICULO
EVT000008832,2023-11-23 00:43:39,2023-11-23,LN100887,CU900887,PAYMENT,11,2865109.0,55683.39,2252591.71,0.1887,24,20,DELINQUENT,OFFLINE,ATLANTICO,CONSUMO
EVT000017617,2024-10-11 01:03:32,2024-09-15,LN101779,CU901779,DELINQUENCY,3,6751906.0,347520.6,5709344.2,0.3147,12,180,DELINQUENT,ONLINE,CUNDINAMARCA,VEHICULO
EVT000004001,2024-05-10 21:41:21,,LN100400,CU900400,PAYMENT,8,23543844.0,806612.1,17090947.2,0.1426,12,34,DELINQUENT,OFFLINE,ATLANTICO,LIBRANZA
EVT000014261,2023-06-20 03:10:38,,LN101435,CU901435,PAYMENT,1,11781471.0,421069.77,11360401.23,0.1574,12,0,ACTIVE,OFFLINE,BOGOTA,CONSUMO
EVT000000343,2024-01-10 11:04:04,2024-01-10,LN100036,CU900036,PAYMENT,2,25216441.0,727242.16,23761956.68,0.2326,18,0,ACTIVE,OFFLINE,ATLANTICO,VEHICULO
EVT000017539,2025-07-26 13:09:15,2025-07-26,LN101771,CU901771,PAYMENT,1,21594805.0,394033.21,21200771.79,0.3474,36,0,ACTIVE,ONLINE,BOGOTA,CONSUMO
EVT000013478,2023-09-07 21:11:35,2023-09-07,LN101354,CU901354,PAYMENT,1,10359629.0,271905.73,10087723.27,0.1937,18,0,ACTIVE,ONLINE,VALLE,CONSUMO
EVT000003634,2026-07-24 20:24:42,2026-07-24,LN100362,CU900362,PAYMENT,10,7351363.0,260679.33,4744569.7,0.1546,12,3,DELINQUENT,AGENTE,CUNDINAMARCA,CONSUMO
EVT000010975,2024-01-04 00:18:28,2024-01-04,LN101105,CU901105,PAYMENT,1,21643372.0,1911975.48,19731396.52,0.2417,6,0,ACTIVE,AGENTE,ATLANTICO,MICROCREDITO
EVT000004169,2023-12-03 21:11:40,,LN100417,CU900417,PAYMENT,3,9950851.0,103323.0,9640882.0,0.1115,36,0,ACTIVE,OFFLINE,CUNDINAMARCA,LIBRANZA
EVT000015264,2024-01-12 06:37:50,2024-01-12,LN101538,CU901538,PAYMENT,3,4240075.0,417308.18,2988150.46,0.2921,6,23,DELINQUENT,ONLINE,VALLE,CONSUMO
EVT000013876,2023-05-09 01:02:13,2023-05-10,LN101394,CU901394,PAYMENT,1,9082633.0,148864.35,8933768.65,0.2917,36,0,ACTIVE,ONLINE,BOGOTA,CONSUMO
EVT000014941,2024-07-04 16:16:24,2024-07-04,LN101503,CU901503,PAYMENT,6,29998041.0,611660.06,26328080.64,0.2078,24,1,DELINQUENT,AGENTE,CUNDINAMARCA,VEHICULO
EVT000002313,2024-11-07 15:55:12,2024-11-08,LN100230,CU900230,PAYMENT,4,10528097.0,168765.39,9853035.44,0.1206,24,0,ACTIVE,OFFLINE,NARINO,CONSUMO
EVT000018734,2024-06-12 06:08:07,2024-06-13,LN101891,CU901891,PAYMENT,7,26233841.0,1329268.72,16928959.96,0.3067,12,173,DELINQUENT,OFFLINE,BOGOTA,VEHICULO
EVT000000009,2025-11-01 13:27:46,2025-11-02,LN100000,CU900000,PAYMENT,7,1447776.0,60676.29,1023041.97,0.2191,12,21,DELINQUENT,ONLINE,NARINO,LIBRANZA
EVT000018275,2024-12-26 15:01:44,,LN101845,CU901845,PAYMENT,2,26943956.0,874061.93,25195832.14,0.1244,12,0,ACTIVE,OFFLINE,ANTIOQUIA,VEHICULO
EVT000014916,2023-07-24 08:20:20,2023-07-24,LN101501,CU901501,PAYMENT,4,9930985.0,205174.15,9110288.4,0.2132,24,293,DELINQUENT,ONLINE,VALLE,MICROCREDITO
EVT000013010,2023-08-28 23:48:35,2023-08-29,LN101306,CU901306,PAYMENT,6,3059059.0,120526.92,2335897.48,0.194,12,0,ACTIVE,ONLINE,RISARALDA,CONSUMO
EVT000014735,2024-10-23 20:50:57,2024-10-24,LN101481,CU901481,DISBURSEMENT,9,6642117.0,171676.58,5097027.78,0.1877,18,23,DELINQUENT,AGENTE,BOGOTA,MICROCREDITO
EVT000009161,2024-04-09 12:27:17,2024-04-09,LN100920,CU900920,PAYMENT,6,25295848.0,396638.9,22916014.6,0.1136,24,0,ACTIVE,OFFLINE,CALDAS,CONSUMO
EVT000004689,2024-03-02 11:02:21,2024-03-03,LN100470,CU900470,PAYMENT,8,25955449.0,916400.39,18624245.88,0.3296,18,34,DELINQUENT,ONLINE,SANTANDER,MICROCREDITO
EVT000001616,2025-07-06 17:53:10,2025-07-06,LN100163,CU900163,DELINQUENCY,1,22937890.0,726060.68,22211829.32,0.2748,18,77,DELINQUENT,ONLINE,CUNDINAMARCA,CONSUMO
EVT000002595,2025-07-02 20:11:29,2025-07-03,LN100259,CU900259,DISBURSEMENT,1,8406440.0,438900.23,7967539.77,0.3221,12,0,ACTIVE,OFFLINE,SANTANDER,LIBRANZA
EVT000003848,2025-06-08 09:17:57,2025-06-08,LN100385,CU900385,PAYMENT,1,29514659.0,1245223.46,28269435.54,0.2219,12,0,ACTIVE,OFFLINE,CALDAS,CONSUMO
EVT000011877,2024-04-16 12:09:35,,LN101194,CU901194,PAYMENT,1,11133627.0,157819.16,10975807.84,0.0835,24,0,ACTIVE,AGENTE,BOGOTA,VEHICULO
EVT000000118,2025-06-11 14:27:18,2025-06-11,LN100011,CU900011,DELINQUENCY,2,24550740.0,460408.21,23629923.58,0.0813,18,113,DELINQUENT,APP,NARINO,CONSUMO
EVT000001955,2025-10-25 21:08:21,2025-10-25,LN100195,CU900195,PAYMENT,3,26324915.0,493504.41,24844401.77,0.0812,18,31,DELINQUENT,ONLINE,ANTIOQUIA,VEHICULO
EVT000011276,2023-11-12 10:07:25,,LN101133,CU901133,PAYMENT,4,21453545.0,431108.99,19729109.04,0.2019,24,16,DELINQUENT,ONLINE,ATLANTICO,CONSUMO
EVT000008169,2023-12-15 00:21:13,2023-12-16,LN100819,CU900819,PAYMENT,3,17126027.0,577603.8,15393215.6,0.3059,18,38,DELINQUENT,OFFLINE,ANTIOQUIA,CONSUMO
EVT000007622,2025-10-12 06:24:40,2025-10-12,LN100764,CU900764,PAYMENT,3,19096534.0,967621.38,16193669.86,0.3067,12,84,DELINQUENT,ONLINE,ATLANTICO,CONSUMO
EVT000003651,2023-12-23 06:01:43,,LN100364,CU900364,PAYMENT,2,16714515.0,641001.65,15432511.7,0.1835,12,0,ACTIVE,OFFLINE,NARINO,CONSUMO
EVT000008340,2026-06-30 02:02:57,2026-06-30,LN100834,CU900834,CHARGEOFF,4,9838286.0,87659.13,9487649.48,0.1564,48,322,CHARGEOFF,OFFLINE,BOGOTA,MICROCREDITO
EVT000010118,2024-08-01 10:11:50,2024-08-01,LN101016,CU901016,DELINQUENCY,1,13165214.0,478072.8,12687141.2,0.3447,18,65,DELINQUENT,OFFLINE,ANTIOQUIA,CONSUMO
EVT000011353,2025-04-21 17:02:43,2025-04-21,LN101140,CU901140,PAYMENT,10,20075022.0,367105.24,16403969.6,0.3486,36,22,DELINQUENT,ONLINE,BOGOTA,CONSUMO
EVT000007112,2025-03-19 21:45:11,,LN100712,CU900712,PAYMENT,7,15219236.0,241300.99,13530129.07,0.1171,24,8,DELINQUENT,APP,SANTANDER,LIBRANZA
EVT000009060,2025-04-06 11:08:55,2025-04-06,LN100910,CU900910,PAYMENT,6,25448767.0,418292.9,22939009.6,0.2931,36,11,DELINQUENT,OFFLINE,RISARALDA,LIBRANZA
EVT000008393,2023-07-27 13:02:14,2023-07-27,LN100839,CU900839,PAYMENT,2,15508881.0,719456.99,14069967.02,0.2639,12,14,DELINQUENT,APP,CUNDINAMARCA,CONSUMO
EVT000008598,2025-07-02 08:58:23,,LN100863,CU900863,PAYMENT,1,14735926.0,446695.04,14289230.96,0.2547,18,207,DELINQUENT,OFFLINE,ANTIOQUIA,CONSUMO
EVT000008658,2024-02-09 09:18:07,2024-02-09,LN100869,CU900869,PAYMENT,4,13047736.0,381385.32,11522194.72,0.0923,12,3,DELINQUENT,APP,SANTANDER,CONSUMO
EVT000015393,2024-01-13 06:15:24,2024-01-14,LN101551,CU901551,DISBURSEMENT,0,7525042.0,133644.75,7525042.0,0.1552,24,0,ACTIVE,AGENTE,NARINO,CONSUMO
EVT000006410,2026-03-08 21:38:18,2026-03-09,LN100640,CU900640,PAYMENT,3,16206232.0,369583.12,15097482.64,0.2561,24,0,ACTIVE,OFFLINE,CUNDINAMARCA,VEHICULO
EVT000010582,2024-10-03 00:23:30,2024-10-03,LN101063,CU901063,PAYMENT,6,4139042.0,50000.0,3839042.0,0.0819,36,26,DELINQUENT,AGENTE,CUNDINAMARCA,CONSUMO
EVT000010681,2025-06-09 16:43:34,2025-06-10,LN101073,CU901073,PAYMENT,9,27850809.0,961688.43,19195613.13,0.1453,12,301,DELINQUENT,ONLINE,VALLE,CONSUMO
EVT000010344,2024-11-24 02:47:54,2024-11-25,LN101038,CU901038,PAYMENT,5,12191676.0,451335.85,9934996.75,0.1702,12,28,DELINQUENT,OFFLINE,ANTIOQUIA,LIBRANZA
EVT000006679,2025-08-19 13:09:26,2025-08-19,LN100668,CU900668,PAYMENT,2,15787889.0,607360.09,14573168.82,0.1847,12,0,ACTIVE,AGENTE,SANTANDER,CONSUMO
EVT000004138,2025-10-30 08:01:39,2025-10-30,LN100413,CU900413,PAYMENT,8,28330349.0,1002327.75,20311727.0,0.1538,12,0,ACTIVE,OFFLINE,ANTIOQUIA,CONSUMO
EVT000008946,2025-10-01 00:30:04,2025-10-01,LN100899,CU900899,PAYMENT,10,21849796.0,1100137.23,10848423.7,0.3035,12,35,DELINQUENT,ONLINE,BOGOTA,CONSUMO
EVT000018650,2026-05-06 12:40:16,2026-05-06,LN101883,CU901883,PAYMENT,7,28906729.0,1163206.77,20764281.61,0.2024,12,8,DELINQUENT,OFFLINE,ANTIOQUIA,LIBRANZA
EVT000009898,2024-02-22 00:00:43,2024-02-23,LN100995,CU900995,DISBURSEMENT,0,6799076.0,79515.19,6799076.0,0.2678,48,0,ACTIVE,APP,VALLE,CONSUMO
EVT000012075,2025-01-16 13:33:28,2025-01-17,LN101213,CU901213,PAYMENT,2,16701536.0,380711.51,15940112.98,0.2559,24,0,ACTIVE,AGENTE,VALLE,CONSUMO
EVT000017145,2024-09-24 05:56:59,2024-09-24,LN101726,CU901726,PAYMENT,3,17457047.0,325137.5,16481634.5,0.1725,24,13,DELINQUENT,ONLINE,SANTANDER,CONSUMO
EVT000006961,2024-08-25 07:01:32,2024-08-25,LN100696,CU900696,PAYMENT,6,2503364.0,158913.55,1549882.7,0.1174,6,11,DELINQUENT,AGENTE,VALLE,CONSUMO
EVT000014071,2026-01-28 00:00:13,2026-01-29,LN101415,CU901415,PAYMENT,5,16003595.0,366642.36,14170383.2,0.2582,24,0,ACTIVE,ONLINE,ANTIOQUIA,CONSUMO
EVT000013072,2024-01-10 15:44:48,2024-01-10,LN101312,CU901312,DELINQUENCY,2,3141413.0,65262.86,3010887.28,0.2155,24,42,DELINQUENT,AGENTE,VALLE,MICROCREDITO
EVT000012823,2024-08-26 03:14:38,,LN101288,CU901288,PAYMENT,6,11983599.0,301687.1,10173476.4,0.3035,24,0,ACTIVE,ONLINE,VALLE,CONSUMO
EVT000009772,2024-07-23 23:38:28,2024-07-24,LN100982,CU900982,PAYMENT,2,29456811.0,961666.69,27533477.62,0.2897,18,0,ACTIVE,OFFLINE,BOGOTA,LIBRANZA
EVT000009324,2025-11-27 22:26:50,2025-11-28,LN100938,CU900938,PAYMENT,10,27081009.0,504519.2,22035817.0,0.1726,24,12,DELINQUENT,ONLINE,ANTIOQUIA,MICROCREDITO
EVT000001755,2026-02-18 21:23:03,2026-02-19,LN100177,CU900177,PAYMENT,3,27035280.0,2140653.47,20613319.59,0.1959,6,0,ACTIVE,ONLINE,BOGOTA,CONSUMO
EVT000015682,2023-12-25 12:57:19,2023-12-25,LN101577,CU901577,PAYMENT,6,23809747.0,383575.02,21508296.88,0.1222,24,174,DELINQUENT,AGENTE,BOGOTA,CONSUMO
EVT000001197,2024-01-04 08:20:17,2024-01-05,LN100122,CU900122,DELINQUENCY,0,17787354.0,654574.63,17787354.0,0.168,12,38,DELINQUENT,APP,VALLE,CONSUMO
EVT000018294,2025-12-11 15:57:49,2025-12-11,LN101847,CU901847,DISBURSEMENT,0,26445535.0,1144033.84,26445535.0,0.2326,12,0,ACTIVE,ONLINE,BOGOTA,CONSUMO
EVT000002372,2024-04-11 08:33:48,2024-04-11,LN100236,CU900236,PAYMENT,7,22739650.0,675367.6,18012076.8,0.097,12,23,DELINQUENT,OFFLINE,SANTANDER,LIBRANZA
EVT000018781,2023-05-22 16:22:12,2023-05-23,LN101895,CU901895,PAYMENT,3,24474107.0,464763.29,23079817.13,0.1798,24,87,DELINQUENT,OFFLINE,RISARALDA,CONSUMO
EVT000003411,2024-03-14 22:57:29,2024-03-14,LN100341,CU900341,PAYMENT,1,22107290.0,219635.93,21887654.07,0.1974,48,0,ACTIVE,OFFLINE,BOGOTA,LIBRANZA
EVT000012239,2023-12-16 15:48:21,,LN101231,CU901231,PAYMENT,9,29461449.0,455032.08,25366160.28,0.1089,24,0,ACTIVE,ONLINE,ANTIOQUIA,VEHICULO
EVT000004666,2023-11-03 06:14:55,2023-11-03,LN100468,CU900468,PAYMENT,7,19200950.0,483767.94,15814574.42,0.3039,24,0,ACTIVE,OFFLINE,SANTANDER,MICROCREDITO
EVT000007678,2025-05-02 00:28:25,2025-05-02,LN100769,CU900769,PAYMENT,2,8733105.0,130690.92,8471723.16,0.0993,24,0,ACTIVE,APP,SANTANDER,CONSUMO
EVT000017900,2024-12-12 15:52:19,2024-12-12,LN101806,CU901806,PAYMENT,10,21219793.0,1516790.8,6051885.0,0.1574,6,2,DELINQUENT,ONLINE,BOGOTA,CONSUMO
EVT000003490,2024-09-17 06:28:53,2024-09-17,LN100348,CU900348,DELINQUENCY,7,24335520.0,977071.13,17496022.09,0.2015,12,86,DELINQUENT,APP,BOGOTA,CONSUMO
EVT000010881,2026-04-13 14:57:12,2026-04-13,LN101095,CU901095,PAYMENT,8,28911154.0,934697.61,21433573.12,0.1233,12,0,ACTIVE,ONLINE,RISARALDA,CONSUMO
EVT000016940,2025-08-16 01:33:05,,LN101706,CU901706,PAYMENT,3,12863064.0,319518.51,11904508.47,0.2968,24,0,ACTIVE,ONLINE,ANTIOQUIA,LIBRANZA
EVT000018376,2025-05-12 01:59:01,2025-05-12,LN101856,CU901856,PAYMENT,2,20047176.0,856014.42,18335147.16,0.227,12,0,ACTIVE,OFFLINE,BOGOTA,MICROCREDITO
EVT000016630,2025-12-02 10:05:43,2025-12-02,LN101675,CU901675,DELINQUENCY,2,6464269.0,172757.59,6118753.82,0.3345,24,31,DELINQUENT,ONLINE,SANTANDER,CONSUMO
EVT000015731,2023-08-02 15:47:17,2023-08-03,LN101584,CU901584,PAYMENT,1,11568738.0,108948.59,11459789.41,0.1767,48,3,DELINQUENT,ONLINE,ANTIOQUIA,MICROCREDITO
EVT000004692,2025-03-31 00:49:18,2025-03-31,LN100471,CU900471,DELINQUENCY,1,2968361.0,57309.16,2911051.84,0.0896,18,30,DELINQUENT,OFFLINE,RISARALDA,CONSUMO
EVT000016308,2026-01-17 15:29:27,2026-01-18,LN101642,CU901642,DELINQUENCY,1,22153186.0,563133.99,21590052.01,0.3084,24,34,DELINQUENT,OFFLINE,VALLE,CONSUMO
EVT000004792,2025-03-13 00:50:11,2025-03-14,LN100480,CU900480,PAYMENT,10,23256396.0,385901.13,19397384.7,0.2978,36,0,ACTIVE,AGENTE,BOGOTA,CONSUMO
EVT000009128,2024-07-17 22:13:59,2024-07-17,LN100917,CU900917,DISBURSEMENT,1,8803848.0,208240.35,8595607.65,0.1548,18,0,ACTIVE,ONLINE,RISARALDA,CONSUMO
EVT000019624,2024-10-20 07:28:58,2024-10-20,LN101980,CU901980,DELINQUENCY,3,17254174.0,447228.19,15912489.43,0.1888,18,39,DELINQUENT,APP,ANTIOQUIA,CONSUMO
EVT000017929,2025-02-24 05:02:58,,LN101809,CU901809,PAYMENT,6,19700960.0,362596.17,17525382.98,0.1681,24,21,DELINQUENT,ONLINE,CALDAS,CONSUMO
EVT000003856,2026-02-12 11:57:30,,LN100385,CU900385,PAYMENT,9,29514659.0,1245223.46,18307647.86,0.2219,12,0,ACTIVE,OFFLINE,CALDAS,CONSUMO
EVT000006694,2023-07-06 04:50:19,2023-07-07,LN100670,CU900670,PAYMENT,2,18078842.0,894179.53,16290482.94,0.2946,12,0,ACTIVE,OFFLINE,CUNDINAMARCA,CONSUMO
EVT000014480,2023-04-27 14:28:03,2023-04-28,LN101458,CU901458,DISBURSEMENT,0,22726583.0,1655404.31,22726583.0,0.1642,6,0,ACTIVE,ONLINE,SANTANDER,CONSUMO
EVT000014980,2024-08-15 22:01:16,2024-08-16,LN101509,CU901509,PAYMENT,2,12640484.0,160955.5,12318573.0,0.182,36,0,ACTIVE,ONLINE,ANTIOQUIA,LIBRANZA
EVT000008178,2025-09-08 03:15:38,2025-09-08,LN100820,CU900820,PAYMENT,4,28419216.0,906383.53,24793681.88,0.2784,18,21,DELINQUENT,ONLINE,SANTANDER,CONSUMO
EVT000012131,2025-09-25 20:17:54,2025-09-26,LN101219,CU901219,PAYMENT,2,1309026.0,50000.0,1209026.0,0.2544,24,3,DELINQUENT,OFFLINE,SANTANDER,CONSUMO
EVT000009030,2025-04-10 18:52:19,2025-04-11,LN100907,CU900907,PAYMENT,2,6927725.0,317566.91,6292591.18,0.2584,12,9,DELINQUENT,ONLINE,ANTIOQUIA,LIBRANZA
EVT000015872,2023-06-10 03:33:24,,LN101598,CU901598,PAYMENT,1,8244103.0,849802.14,7394300.86,0.3154,6,0,ACTIVE,ONLINE,CUNDINAMARCA,MICROCREDITO
EVT000004238,2025-05-19 22:14:38,2025-05-20,LN100424,CU900424,PAYMENT,3,11597722.0,258242.61,10822994.17,0.134,18,0,ACTIVE,AGENTE,SANTANDER,CONSUMO
EVT000004930,2023-04-25 05:43:23,2023-04-26,LN100494,CU900494,PAYMENT,2,2859752.0,50000.0,2759752.0,0.1894,36,149,DELINQUENT,ONLINE,VALLE,LIBRANZA
EVT000003734,2023-12-06 17:41:38,2023-12-07,LN100372,CU900372,PAYMENT,4,8670428.0,324794.23,7371251.08,0.1746,12,0,ACTIVE,ONLINE,BOGOTA,CONSUMO
EVT000009599,2025-10-31 14:49:07,2025-10-31,LN100965,CU900965,PAYMENT,7,28301409.0,215232.22,26794783.46,0.1042,48,0,ACTIVE,ONLINE,ATLANTICO,LIBRANZA
EVT000004882,2026-04-03 23:17:10,,LN100489,CU900489,PAYMENT,9,7343038.0,252013.06,5074920.46,0.3148,18,0,ACTIVE,OFFLINE,CALDAS,LIBRANZA
EVT000006518,2025-06-01 18:46:42,2025-06-02,LN100650,CU900650,DISBURSEMENT,8,15797228.0,1577827.13,3174610.96,0.2994,6,0,ACTIVE,AGENTE,BOGOTA,CONSUMO
EVT000011659,2024-09-24 20:29:13,2024-09-25,LN101171,CU901171,PAYMENT,1,16826579.0,883227.13,15943351.87,0.3249,12,0,ACTIVE,APP,NARINO,MICROCREDITO
EVT000014355,2025-08-22 01:45:15,2025-08-22,LN101445,CU901445,PAYMENT,1,24927892.0,1257113.59,23670778.41,0.3043,12,0,ACTIVE,ONLINE,BOGOTA,CONSUMO
EVT000006813,2025-07-19 01:36:19,2025-07-20,LN100682,CU900682,PAYMENT,4,29408707.0,327122.85,28100215.6,0.1337,36,0,ACTIVE,APP,NARINO,CONSUMO
EVT000009723,2025-01-31 16:04:52,2025-01-31,LN100977,CU900977,PAYMENT,2,27985347.0,576871.29,26831604.42,0.1092,18,0,ACTIVE,OFFLINE,CALDAS,CONSUMO
EVT000001545,2025-05-21 21:22:12,2025-05-21,LN100156,CU900156,PAYMENT,2,3734405.0,201433.81,3331537.38,0.3394,12,0,ACTIVE,ONLINE,BOGOTA,MICROCREDITO
EVT000017794,2025-01-18 13:53:51,2025-01-18,LN101797,CU901797,DISBURSEMENT,0,15004651.0,188708.49,15004651.0,0.1773,36,0,ACTIVE,ONLINE,BOGOTA,CONSUMO
EVT000019274,2024-06-28 19:14:23,2024-06-29,LN101944,CU901944,PAYMENT,10,2063038.0,50000.0,1563038.0,0.3495,36,0,ACTIVE,OFFLINE,CALDAS,CONSUMO
EVT000006483,2023-11-26 21:59:34,2023-11-27,LN100646,CU900646,PAYMENT,5,21028708.0,485973.44,18598840.8,0.2622,24,40,DELINQUENT,APP,CALDAS,CONSUMO
EVT000019591,2024-03-29 07:51:10,2024-03-30,LN101976,CU901976,PAYMENT,7,18221846.0,415640.31,15312363.83,0.2562,24,0,ACTIVE,AGENTE,ANTIOQUIA,VEHICULO
EVT000014713,2024-12-22 14:37:19,2024-12-23,LN101479,CU901479,PAYMENT,7,2717288.0,65740.25,2257106.25,0.1629,18,41,DELINQUENT,OFFLINE,ANTIOQUIA,CONSUMO
EVT000018882,2025-02-08 03:20:58,2025-02-08,LN101905,CU901905,PAYMENT,4,6287164.0,70080.92,6006840.32,0.1344,36,0,ACTIVE,ONLINE,ATLANTICO,MICROCREDITO
EVT000006542,2025-10-25 21:06:09,2025-10-19,LN100653,CU900653,PAYMENT,2,4611966.0,158866.86,4294232.28,0.3167,18,0,ACTIVE,OFFLINE,BOLIVAR,LIBRANZA
EVT000013476,2025-07-07 14:17:43,2025-07-07,LN101353,CU901353,DISBURSEMENT,9,4523047.0,63684.5,3949886.5,0.0816,24,180,DELINQUENT,OFFLINE,CUNDINAMARCA,MICROCREDITO
EVT000006523,2024-03-30 22:23:47,,LN100651,CU900651,PAYMENT,1,28376858.0,1092509.03,27284348.97,0.185,12,0,ACTIVE,AGENTE,ANTIOQUIA,VEHICULO
EVT000010636,2026-09-04 20:01:37,2026-09-04,LN101069,CU901069,PAYMENT,11,23865588.0,569194.27,17604451.03,0.277,24,15,DELINQUENT,APP,BOGOTA,LIBRANZA
EVT000001572,2024-08-02 04:45:57,2024-08-02,LN100159,CU900159,PAYMENT,3,9781261.0,185648.33,9224316.01,0.1796,24,24,DELINQUENT,ONLINE,VALLE,CONSUMO
EVT000010987,2023-05-21 15:02:37,2023-05-21,LN101106,CU901106,PAYMENT,2,7291751.0,182075.02,6927600.96,0.2994,24,0,ACTIVE,ONLINE,ANTIOQUIA,CONSUMO
EVT000003412,2024-04-19 23:33:57,,LN100341,CU900341,DELINQUENCY,1,22107290.0,219635.93,21887654.07,0.1974,48,7,DELINQUENT,OFFLINE,BOGOTA,LIBRANZA
EVT000014300,2024-08-06 18:28:54,2024-08-07,LN101440,CU901440,PAYMENT,5,17309131.0,363405.21,15492104.95,0.2199,24,0,ACTIVE,OFFLINE,VALLE,CONSUMO
EVT000006860,2023-08-12 00:49:50,2023-08-12,LN100687,CU900687,DISBURSEMENT,0,20656089.0,207662.55,20656089.0,0.1016,36,0,ACTIVE,ONLINE,SANTANDER,CONSUMO
EVT000015565,2023-10-16 18:29:48,,LN101566,CU901566,DELINQUENCY,5,1102031.0,50000.0,852031.0,0.3429,18,24,DELINQUENT,ONLINE,CUNDINAMARCA,CONSUMO
EVT000005753,2026-03-04 02:15:57,2026-03-04,LN100575,CU900575,DISBURSEMENT,5,14751641.0,232977.58,13586753.1,0.2738,36,0,ACTIVE,OFFLINE,CUNDINAMARCA,MICROCREDITO
EVT000017592,2025-07-20 09:41:40,2025-07-20,LN101776,CU901776,DELINQUENCY,4,5824136.0,70161.43,5543490.28,0.1614,36,180,DELINQUENT,OFFLINE,NARINO,LIBRANZA
EVT000007382,2023-11-30 21:41:14,2023-11-30,LN100739,CU900739,PAYMENT,5,29498521.0,679252.61,26102257.95,0.1454,18,180,DELINQUENT,ONLINE,BOLIVAR,CONSUMO
EVT000014421,2024-02-18 23:22:05,,LN101451,CU901451,PAYMENT,7,6052026.0,121121.21,5204177.53,0.1002,18,0,ACTIVE,AGENTE,BOLIVAR,CONSUMO
EVT000016939,2025-07-23 01:15:49,2025-07-24,LN101706,CU901706,DISBURSEMENT,2,12863064.0,319518.51,12224026.98,0.2968,24,0,ACTIVE,ONLINE,ANTIOQUIA,LIBRANZA
EVT000001520,2025-12-29 06:35:35,2025-12-30,LN100154,CU900154,PAYMENT,2,4352369.0,50000.0,4252369.0,0.1319,36,0,ACTIVE,ONLINE,RISARALDA,CONSUMO
EVT000007560,2025-04-22 01:26:45,2025-04-22,LN100758,CU900758,PAYMENT,7,22455616.0,590470.42,18322323.06,0.3259,24,0,ACTIVE,ONLINE,BOGOTA,LIBRANZA
EVT000013921,2024-07-04 04:39:52,2024-07-05,LN101399,CU901399,DISBURSEMENT,0,4688621.0,50000.0,4688621.0,0.0999,36,0,ACTIVE,AGENTE,VALLE,CONSUMO
EVT000003481,2023-12-30 02:16:20,2023-12-31,LN100348,CU900348,PAYMENT,2,24335520.0,977071.13,22381377.74,0.2015,12,14,DELINQUENT,APP,BOGOTA,CONSUMO
EVT000012462,2023-06-17 14:53:35,2023-06-18,LN101253,CU901253,DISBURSEMENT,0,8921792.0,139863.96,8921792.0,0.2703,36,0,ACTIVE,ONLINE,ATLANTICO,CONSUMO
EVT000014778,2025-06-09 13:16:53,2025-06-10,LN101486,CU901486,PAYMENT,4,5380350.0,146937.36,4792600.56,0.3462,24,0,ACTIVE,ONLINE,BOGOTA,MICROCREDITO
EVT000009497,2025-04-11 14:45:27,2025-04-11,LN100956,CU900956,DISBURSEMENT,0,14580023.0,109167.92,14580023.0,0.0995,48,0,ACTIVE,ONLINE,BOGOTA,MICROCREDITO
EVT000008211,2025-11-14 02:24:21,2025-11-14,LN100823,CU900823,DISBURSEMENT,0,19471831.0,396446.48,19471831.0,0.2072,24,0,ACTIVE,ONLINE,ANTIOQUIA,VEHICULO
EVT000012942,2024-11-01 23:12:53,2024-11-02,LN101299,CU901299,DELINQUENCY,8,19828735.0,555799.44,15382339.48,0.0803,12,168,DELINQUENT,AGENTE,BOLIVAR,CONSUMO
EVT000010305,2025-05-06 02:37:01,2025-05-06,LN101035,CU901035,DISBURSEMENT,2,28431011.0,1451687.42,25527636.16,0.3106,12,0,ACTIVE,ONLINE,RISARALDA,LIBRANZA
EVT000012174,2025-01-17 12:17:16,2025-01-18,LN101223,CU901223,PAYMENT,8,21713845.0,576936.86,17098350.12,0.3314,24,0,ACTIVE,ONLINE,BOLIVAR,LIBRANZA
EVT000003348,2025-01-08 06:41:32,,LN100335,CU900335,PAYMENT,4,26679194.0,676584.36,23972856.56,0.1804,18,2,DELINQUENT,ONLINE,RISARALDA,MICROCREDITO
EVT000012487,2023-12-19 11:15:47,2023-12-20,LN101255,CU901255,DELINQUENCY,4,17354259.0,441260.96,15589215.16,0.1814,18,180,DELINQUENT,APP,NARINO,CONSUMO
EVT000019346,2024-11-08 03:15:22,2024-11-09,LN101952,CU901952,PAYMENT,2,23828163.0,590819.3,22646524.4,0.2959,24,3,DELINQUENT,OFFLINE,VALLE,VEHICULO
EVT000011383,2024-11-26 01:07:47,2024-11-27,LN101143,CU901143,DELINQUENCY,5,7702007.0,392956.4,5737225.0,0.3102,12,9,DELINQUENT,OFFLINE,CUNDINAMARCA,MICROCREDITO
EVT000006072,2024-12-02 01:49:15,2024-12-02,LN100606,CU900606,DELINQUENCY,1,13520279.0,355312.93,13164966.07,0.3256,24,21,DELINQUENT,ONLINE,ANTIOQUIA,LIBRANZA
EVT000011567,2025-08-18 12:55:51,,LN101161,CU901161,PAYMENT,10,4050190.0,304898.3,1001207.0,0.1764,6,0,ACTIVE,ONLINE,RISARALDA,CONSUMO
EVT000018402,2023-12-13 09:48:44,2023-12-13,LN101859,CU901859,DELINQUENCY,3,12808182.0,384117.38,11655829.86,0.0999,12,-9,DELINQUENT,ONLINE,BOGOTA,MICROCREDITO
EVT000012809,2023-06-22 03:15:02,2023-06-22,LN101287,CU901287,PAYMENT,2,6887415.0,603613.05,5680188.9,0.2382,6,173,DELINQUENT,AGENTE,VALLE,CONSUMO
EVT000002582,2025-10-05 02:20:38,2025-10-06,LN100258,CU900258,PAYMENT,2,6223507.0,269975.73,5683555.54,0.2338,12,0,ACTIVE,APP,CALDAS,CONSUMO
EVT000001774,2023-07-01 10:05:01,,LN100179,CU900179,PAYMENT,1,10788342.0,308618.5,10479723.5,0.2291,18,9,DELINQUENT,APP,CUNDINAMARCA,LIBRANZA
EVT000004210,2024-03-14 08:23:22,2024-03-14,LN100420,CU900420,PAYMENT,8,14390776.0,395602.43,0.0,0.3498,24,177,DELINQUENT,OFFLINE,ANTIOQUIA,CONSUMO
EVT000012118,2025-04-14 09:03:56,2025-04-15,LN101218,CU901218,PAYMENT,2,10835318.0,191460.07,10452397.86,0.3301,36,0,ACTIVE,ONLINE,BOGOTA,VEHICULO
EVT000000507,2025-11-13 07:58:59,2025-11-13,LN100051,CU900051,CLOSE,5,1431952.0,50000.0,0.0,0.2695,24,0,CLOSED,OFFLINE,NARINO,LIBRANZA
EVT000014836,2024-04-23 07:19:44,2024-04-23,LN101493,CU901493,PAYMENT,4,25405892.0,443459.84,23632052.64,0.1491,24,0,ACTIVE,ONLINE,BOLIVAR,CONSUMO
EVT000016728,2024-06-17 09:38:01,2024-06-17,LN101685,CU901685,PAYMENT,4,23374294.0,834929.78,20034574.88,0.1572,12,14,DELINQUENT,AGENTE,ANTIOQUIA,CONSUMO
EVT000016251,2025-03-27 01:14:57,2025-03-28,LN101636,CU901636,PAYMENT,4,28624983.0,383670.19,27090302.24,0.2021,36,16,DELINQUENT,ONLINE,SANTANDER,CONSUMO
EVT000012730,2024-03-17 02:39:21,2024-03-17,LN101280,CU901280,PAYMENT,2,10424470.0,106538.08,10211393.84,0.2088,48,0,ACTIVE,OFFLINE,RISARALDA,CONSUMO
EVT000007228,2023-04-19 13:59:47,2023-04-19,LN100723,CU900723,PAYMENT,3,3828100.0,303874.58,2916476.26,0.1969,6,0,ACTIVE,AGENTE,NARINO,MICROCREDITO
EVT000003586,2023-06-12 09:54:54,2023-06-13,LN100358,CU900358,PAYMENT,2,28880335.0,1051051.66,26778231.68,0.3459,18,0,ACTIVE,OFFLINE,BOLIVAR,MICROCREDITO
EVT000005359,2024-04-22 17:28:55,2024-04-22,LN100537,CU900537,DELINQUENCY,9,23900689.0,778047.1,16898265.1,0.2883,18,59,DELINQUENT,APP,CALDAS,MICROCREDITO
EVT000002154,2023-08-16 20:57:33,2023-08-17,LN100214,CU900214,DELINQUENCY,2,28195734.0,576508.77,27042716.46,0.1067,18,38,DELINQUENT,ONLINE,ANTIOQUIA,LIBRANZA
EVT000016384,2024-07-06 09:56:50,2024-07-07,LN101649,CU901649,PAYMENT,8,12153014.0,211583.97,10460342.24,0.1482,24,0,ACTIVE,AGENTE,ANTIOQUIA,CONSUMO
EVT000012143,2025-01-24 06:48:05,2025-01-24,LN101220,CU901220,PAYMENT,6,4802955.0,112941.49,4125306.06,0.2703,24,31,DELINQUENT,ONLINE,SANTANDER,CONSUMO
EVT000017332,2024-08-14 20:43:51,2024-08-14,LN101747,CU901747,DISBURSEMENT,0,26372087.0,316728.76,26372087.0,0.2804,48,0,ACTIVE,AGENTE,BOGOTA,VEHICULO
EVT000003284,2025-08-10 21:39:57,2025-08-10,LN100328,CU900328,DELINQUENCY,5,4424224.0,172500.49,0.0,0.1899,12,31,DELINQUENT,ONLINE,ATLANTICO,CONSUMO
EVT000007140,2023-06-28 18:28:31,,LN100715,CU900715,DELINQUENCY,4,4155671.0,141625.27,3589169.92,0.3112,18,6,DELINQUENT,OFFLINE,ANTIOQUIA,LIBRANZA
EVT000008704,2024-09-12 10:29:00,2024-09-13,LN100875,CU900875,PAYMENT,1,24913589.0,428389.16,24485199.84,0.1439,24,0,ACTIVE,ONLINE,VALLE,CONSUMO
EVT000014461,2023-04-18 17:34:29,2023-04-19,LN101456,CU901456,PAYMENT,2,22178974.0,380665.12,21417643.76,0.3149,36,0,ACTIVE,ONLINE,VALLE,VEHICULO
EVT000002089,2023-09-05 13:22:15,2023-09-06,LN100207,CU900207,DELINQUENCY,4,5664109.0,165052.14,5003900.44,0.0914,12,32,DELINQUENT,ONLINE,RISARALDA,CONSUMO
EVT000007272,2025-11-15 05:09:54,2025-11-16,LN100727,CU900727,DISBURSEMENT,0,29304980.0,451150.17,29304980.0,0.1079,24,0,ACTIVE,ONLINE,VALLE,CONSUMO
EVT000014588,2026-04-26 04:43:46,2026-04-26,LN101468,CU901468,PAYMENT,5,26197080.0,969291.96,21350620.2,0.17,12,0,ACTIVE,AGENTE,CALDAS,LIBRANZA
EVT000013374,2023-07-20 13:02:44,2023-07-21,LN101343,CU901343,DISBURSEMENT,1,18973476.0,595577.41,18377898.59,0.1139,12,0,ACTIVE,ONLINE,BOGOTA,CONSUMO
EVT000004216,2023-07-19 03:55:20,2023-07-19,LN100421,CU900421,DISBURSEMENT,3,15952789.0,305735.2,15035583.4,0.1833,24,19,DELINQUENT,OFFLINE,VALLE,MICROCREDITO
EVT000018327,2026-06-21 12:29:35,2026-06-22,LN101851,CU901851,PAYMENT,4,29088308.0,493531.63,0.0,0.309,36,22,DELINQUENT,OFFLINE,BOLIVAR,CONSUMO
EVT000000183,2025-02-25 11:20:10,,LN100019,CU900019,PAYMENT,2,26806888.0,321682.66,26163522.68,0.28,48,0,ACTIVE,OFFLINE,BOLIVAR,MICROCREDITO
EVT000010113,2024-03-19 19:51:17,2024-03-20,LN101015,CU901015,PAYMENT,8,19675774.0,264573.57,17559185.44,0.2034,36,0,ACTIVE,AGENTE,BOGOTA,LIBRANZA
EVT000016828,2026-02-08 09:02:07,2026-02-09,LN101695,CU901695,PAYMENT,10,9125431.0,169778.64,7427644.6,0.1721,24,0,ACTIVE,AGENTE,RISARALDA,MICROCREDITO
EVT000015550,2025-08-27 14:17:19,2025-08-28,LN101565,CU901565,PAYMENT,2,1174223.0,50000.0,1074223.0,0.1051,24,0,ACTIVE,OFFLINE,SANTANDER,LIBRANZA
EVT000015787,2024-08-22 17:06:50,2024-08-23,LN101590,CU901590,DELINQUENCY,1,19095738.0,1024486.34,18071251.66,0.3365,12,42,DELINQUENT,AGENTE,NARINO,CONSUMO
EVT000002059,2024-05-16 10:11:53,2024-05-17,LN100204,CU900204,PAYMENT,2,1793197.0,92977.26,1607242.48,0.3185,12,0,ACTIVE,AGENTE,SANTANDER,LIBRANZA
EVT000009547,2023-12-06 21:04:00,2023-12-06,LN100960,CU900960,PAYMENT,4,7835311.0,85535.48,7493169.08,0.1275,36,0,ACTIVE,AGENTE,CUNDINAMARCA,LIBRANZA
EVT000004949,2025-10-24 00:49:46,2025-10-24,LN100496,CU900496,PAYMENT,2,9096310.0,248511.19,8599287.62,0.3464,24,0,ACTIVE,AGENTE,ANTIOQUIA,LIBRANZA
EVT000015933,2023-09-20 07:39:55,,LN101604,CU901604,PAYMENT,2,23034244.0,330080.72,22374082.56,0.0866,24,8,DELINQUENT,OFFLINE,NARINO,LIBRANZA
EVT000001290,2024-07-19 04:46:21,,LN100131,CU900131,DELINQUENCY,5,1644823.0,54706.81,1371288.95,0.1326,12,59,DELINQUENT,AGENTE,ANTIOQUIA,MICROCREDITO
EVT000011908,2026-05-06 02:55:35,2026-05-07,LN101196,CU901196,PAYMENT,3,5890360.0,106163.92,5571868.24,0.3407,36,26,DELINQUENT,ONLINE,RISARALDA,MICROCREDITO
EVT000017749,2025-12-10 08:19:08,2025-12-11,LN101793,CU901793,DISBURSEMENT,0,11244953.0,286465.18,11244953.0,0.3095,24,0,ACTIVE,ONLINE,SANTANDER,CONSUMO
EVT000002412,2023-02-17 09:15:15,2023-02-18,LN100240,CU900240,PAYMENT,1,28856058.0,438179.24,28417878.76,0.1037,24,0,ACTIVE,OFFLINE,NARINO,CONSUMO
EVT000009992,2024-11-22 05:48:14,2024-11-23,LN101004,CU901004,DELINQUENCY,7,24236665.0,438198.9,21169272.7,0.1616,24,180,DELINQUENT,APP,CUNDINAMARCA,CONSUMO
EVT000010429,2024-11-13 07:08:01,2024-11-13,LN101046,CU901046,PAYMENT,6,7899115.0,145264.72,7027526.68,0.1678,24,11,DELINQUENT,APP,CALDAS,CONSUMO
EVT000002152,2023-07-20 19:38:54,2023-07-21,LN100214,CU900214,PAYMENT,1,28195734.0,,27619225.23,0.1067,18,0,ACTIVE,ONLINE,ANTIOQUIA,LIBRANZA
EVT000012313,2025-12-08 18:00:18,,LN101238,CU901238,PAYMENT,5,12767458.0,677185.97,9381528.15,0.3304,12,0,ACTIVE,OFFLINE,BOLIVAR,VEHICULO
EVT000018401,2023-11-02 08:53:46,2023-11-03,LN101859,CU901859,PAYMENT,3,12808182.0,384117.38,11655829.86,0.0999,12,0,ACTIVE,ONLINE,BOGOTA,MICROCREDITO
EVT000007500,2024-10-01 22:47:46,2024-10-01,LN100752,CU900752,PAYMENT,6,27092049.0,1022183.01,20958950.94,0.1773,12,1,DELINQUENT,ONLINE,CALDAS,VEHICULO
EVT000015396,2024-04-02 08:01:31,2024-04-02,LN101551,CU901551,DELINQUENCY,1,7525042.0,133644.75,7391397.25,0.1552,24,53,DELINQUENT,AGENTE,NARINO,CONSUMO
EVT000011696,2026-02-25 22:07:43,2026-02-26,LN101175,CU901175,PAYMENT,5,3956745.0,106541.95,0.0,0.2039,18,0,ACTIVE,APP,CUNDINAMARCA,VEHICULO
EVT000002846,2025-01-30 03:49:31,2025-01-31,LN100283,CU900283,DISBURSEMENT,8,1113613.0,50000.0,713613.0,0.2582,36,0,ACTIVE,OFFLINE,VALLE,VEHICULO
EVT000018878,2024-12-07 00:27:20,2024-12-07,LN101905,CU901905,DISBURSEMENT,0,6287164.0,70080.92,6287164.0,0.1344,36,0,ACTIVE,ONLINE,ATLANTICO,MICROCREDITO
EVT000004116,2025-11-26 12:57:52,,LN100411,CU900411,CHARGEOFF,2,3998070.0,129137.66,3739794.68,0.123,12,283,CHARGEOFF,OFFLINE,SANTANDER,LIBRANZA
EVT000010240,2024-10-30 10:03:17,2024-10-30,LN101027,CU901027,PAYMENT,3,9943279.0,158363.29,9468189.13,0.2778,36,0,ACTIVE,AGENTE,ANTIOQUIA,CONSUMO
EVT000017456,2025-05-05 09:38:08,2025-05-06,LN101761,CU901761,PAYMENT,6,18189855.0,1143778.08,11327186.52,0.1144,6,2,DELINQUENT,AGENTE,RISARALDA,CONSUMO
EVT000018175,2023-01-30 09:52:32,2023-01-31,LN101835,CU901835,PAYMENT,1,20801541.0,365067.04,20436473.96,0.151,24,0,ACTIVE,ONLINE,VALLE,CONSUMO
EVT000011332,2025-09-18 13:14:53,2025-09-18,LN101138,CU901138,DELINQUENCY,10,24264172.0,410630.67,0.0,0.3077,36,35,DELINQUENT,ONLINE,VALLE,CONSUMO
EVT000019040,2024-09-05 10:48:22,,LN101921,CU901921,PAYMENT,2,17917087.0,325374.3,0.0,0.1632,24,17,DELINQUENT,AGENTE,BOGOTA,CONSUMO
EVT000018474,2025-05-07 23:37:09,2025-05-07,LN101866,CU901866,DISBURSEMENT,0,10886566.0,223610.07,10886566.0,0.1081,18,0,ACTIVE,OFFLINE,RISARALDA,VEHICULO
EVT000015994,2024-05-11 10:05:23,2024-05-12,LN101611,CU901611,DELINQUENCY,0,23528848.0,703041.98,23528848.0,0.2482,18,19,DELINQUENT,OFFLINE,RISARALDA,CONSUMO
EVT000008255,2024-04-28 09:29:27,2024-04-28,LN100826,CU900826,PAYMENT,4,22156134.0,470005.46,20276112.16,0.1182,18,52,DELINQUENT,ONLINE,ANTIOQUIA,MICROCREDITO
EVT000015099,2024-03-02 05:45:21,,LN101522,CU901522,DISBURSEMENT,3,13496684.0,129388.21,13108519.37,0.0876,36,0,ACTIVE,OFFLINE,BOLIVAR,CONSUMO
EVT000009015,2023-11-24 00:35:41,2023-11-24,LN100905,CU900905,DISBURSEMENT,9,22948391.0,236291.93,20821763.63,0.1089,36,0,ACTIVE,APP,RISARALDA,CONSUMO
EVT000002005,2024-10-29 06:17:21,2024-10-29,LN100199,CU900199,PAYMENT,6,1878545.0,64421.57,1492015.58,0.3144,18,226,DELINQUENT,AGENTE,VALLE,LIBRANZA
EVT000003899,2024-06-07 11:02:33,2024-06-07,LN100390,CU900390,PAYMENT,5,7162603.0,145018.84,6437508.8,0.1037,18,0,ACTIVE,AGENTE,NARINO,CONSUMO
EVT000014640,2023-07-21 15:32:10,2023-07-22,LN101473,CU901473,PAYMENT,1,15897056.0,132780.16,15764275.84,0.1341,48,0,ACTIVE,OFFLINE,BOGOTA,MICROCREDITO
EVT000006762,2024-10-08 10:27:43,2024-10-09,LN100677,CU900677,DISBURSEMENT,0,19059733.0,315692.71,19059733.0,0.2969,36,0,ACTIVE,ONLINE,RISARALDA,MICROCREDITO
EVT000017204,2025-08-08 12:45:37,2025-08-09,LN101732,CU901732,PAYMENT,7,26009497.0,1366799.07,16441903.51,0.3255,12,2,DELINQUENT,ONLINE,CALDAS,MICROCREDITO
EVT000014594,2023-11-03 13:11:08,2023-11-03,LN101469,CU901469,DISBURSEMENT,0,6624615.0,201520.79,6624615.0,0.1042,12,0,ACTIVE,ONLINE,RISARALDA,CONSUMO
EVT000007963,2024-06-21 22:43:31,2024-06-22,LN100798,CU900798,DELINQUENCY,7,20452460.0,825665.81,14672799.33,0.2037,12,68,DELINQUENT,APP,ATLANTICO,LIBRANZA
EVT000003426,2026-02-21 01:47:36,2026-02-22,LN100342,CU900342,DELINQUENCY,1,19927424.0,258109.96,19669314.04,0.3181,48,39,DELINQUENT,OFFLINE,ANTIOQUIA,CONSUMO
EVT000001919,2024-02-12 19:21:47,2024-02-13,LN100191,CU900191,DELINQUENCY,9,13306763.0,263828.75,10932304.25,0.0974,18,13,DELINQUENT,ONLINE,ANTIOQUIA,MICROCREDITO
EVT000004301,2023-05-01 18:37:56,2023-05-01,LN100431,CU900431,DISBURSEMENT,0,7597655.0,95299.92,7597655.0,0.1763,36,0,ACTIVE,ONLINE,ANTIOQUIA,CONSUMO
EVT000010027,2026-09-29 16:02:49,2026-09-30,LN101007,CU901007,PAYMENT,7,6109457.0,115682.57,5299679.01,0.1787,24,82,DELINQUENT,ONLINE,BOGOTA,VEHICULO
EVT000000639,2024-05-06 19:54:50,2024-05-06,LN100065,CU900065,PAYMENT,8,7326143.0,297075.1,4949542.2,0.2055,12,36,DELINQUENT,ONLINE,CUNDINAMARCA,LIBRANZA
EVT000015603,2024-02-25 06:45:46,2024-02-26,LN101570,CU901570,PAYMENT,6,5239338.0,170802.42,4214523.48,0.126,12,15,DELINQUENT,ONLINE,BOGOTA,VEHICULO
EVT000016153,2025-05-20 07:17:33,2025-05-21,LN101627,CU901627,PAYMENT,5,21149573.0,795646.94,17171338.3,0.1762,12,38,DELINQUENT,ONLINE,BOGOTA,MICROCREDITO
EVT000003770,2025-05-19 22:27:01,2025-05-19,LN100376,CU900376,PAYMENT,7,29661942.0,623938.95,25294369.35,0.2207,24,0,ACTIVE,ONLINE,CALDAS,CONSUMO
EVT000001985,2025-06-11 22:06:23,,LN100197,CU900197,PAYMENT,9,6194675.0,220447.83,4210644.53,0.3338,18,93,DELINQUENT,ONLINE,ANTIOQUIA,MICROCREDITO
EVT000008693,2024-04-27 16:26:35,2024-04-28,LN100873,CU900873,PAYMENT,3,4930172.0,495679.49,3443133.53,0.3027,6,0,ACTIVE,ONLINE,,CONSUMO
EVT000010719,2024-07-08 14:54:27,2024-07-08,LN101078,CU901078,DISBURSEMENT,0,11207494.0,218265.95,11207494.0,0.1895,24,0,ACTIVE,OFFLINE,CALDAS,MICROCREDITO
EVT000009184,2023-11-02 10:02:03,,LN100923,CU900923,DISBURSEMENT,0,4254475.0,143319.08,4254475.0,0.3053,18,0,ACTIVE,ONLINE,NARINO,CONSUMO
EVT000016674,2024-08-30 17:13:45,2024-08-30,LN101679,CU901679,CHARGEOFF,4,7263073.0,319793.1,5983900.6,0.2403,12,284,CHARGEOFF,ONLINE,ANTIOQUIA,VEHICULO
EVT000011626,2024-07-07 22:16:48,,LN101167,CU901167,PAYMENT,5,5514269.0,142415.19,4802193.05,0.1874,18,0,ACTIVE,ONLINE,CUNDINAMARCA,CONSUMO
EVT000003827,2024-01-08 22:43:04,2024-01-09,LN100382,CU900382,PAYMENT,6,27697363.0,1295405.67,19924928.98,0.2677,12,0,ACTIVE,ONLINE,CALDAS,CONSUMO
EVT000013856,2023-02-06 18:43:10,2023-02-06,LN101392,CU901392,DISBURSEMENT,0,21162865.0,245207.06,21162865.0,0.1476,36,0,ACTIVE,AGENTE,VALLE,CONSUMO
EVT000000244,2025-03-24 23:24:05,2025-03-25,LN100026,CU900026,DISBURSEMENT,0,23970354.0,622110.59,23970354.0,0.1893,18,0,ACTIVE,OFFLINE,RISARALDA,CONSUMO
EVT000005836,2024-12-23 04:21:27,2024-12-24,LN100583,CU900583,PAYMENT,5,16339067.0,219882.99,15239652.05,0.3383,48,7,DELINQUENT,ONLINE,BOGOTA,LIBRANZA
EVT000016766,2023-11-20 21:28:41,2023-11-20,LN101689,CU901689,CHARGEOFF,0,21250009.0,310462.63,21250009.0,0.0922,24,203,CHARGEOFF,OFFLINE,BOGOTA,CONSUMO
EVT000001104,2025-05-22 16:42:08,2025-05-22,LN100112,CU900112,PAYMENT,5,15591058.0,152792.37,14827096.15,0.094,36,0,ACTIVE,APP,NARINO,MICROCREDITO
EVT000014407,2025-02-14 11:36:53,2025-02-15,LN101450,CU901450,PAYMENT,4,1436173.0,50000.0,1236173.0,0.1235,48,9,DELINQUENT,ONLINE,CUNDINAMARCA,CONSUMO
EVT000016552,2024-10-31 20:53:20,2024-11-01,LN101667,CU901667,PAYMENT,5,12559313.0,253195.75,11293334.25,0.2032,24,0,ACTIVE,ONLINE,RISARALDA,CONSUMO
EVT000015975,2026-04-01 23:24:01,2026-04-01,LN101608,CU901608,DELINQUENCY,5,29185182.0,1303118.38,22669590.1,0.2465,12,115,DELINQUENT,ONLINE,ATLANTICO,LIBRANZA
EVT000002999,2024-01-14 22:45:36,2024-01-15,LN100298,CU900298,PAYMENT,6,10143852.0,137077.25,9321388.5,0.2054,36,0,ACTIVE,OFFLINE,BOGOTA,MICROCREDITO
EVT000004537,2025-02-22 12:25:48,2025-02-22,LN100454,CU900454,PAYMENT,8,7172930.0,83182.08,6507473.36,0.1479,36,48,DELINQUENT,OFFLINE,ANTIOQUIA,CONSUMO
EVT000000334,2025-02-18 18:33:11,,LN100035,CU900035,PAYMENT,1,7725337.0,169918.79,7555418.21,0.2399,24,0,ACTIVE,AGENTE,CUNDINAMARCA,CONSUMO
EVT000005381,2025-06-08 01:13:08,,LN100540,CU900540,PAYMENT,4,28384807.0,441241.82,26619839.72,0.1109,24,201,DELINQUENT,AGENTE,BOGOTA,CONSUMO
EVT000005380,2025-04-28 00:22:41,2025-04-29,LN100540,CU900540,PAYMENT,3,28384807.0,,27061081.54,0.1109,24,206,DELINQUENT,AGENTE,BOGOTA,CONSUMO
EVT000017206,2025-06-27 15:11:56,2025-06-28,LN101733,CU901733,DISBURSEMENT,0,12451745.0,281969.77,12451745.0,0.2529,24,0,ACTIVE,ONLINE,CALDAS,CONSUMO
EVT000004549,2024-12-15 15:05:00,2024-12-16,LN100456,CU900456,DELINQUENCY,3,10903849.0,235577.66,10197116.02,0.2321,24,11,DELINQUENT,OFFLINE,BOGOTA,CONSUMO
EVT000009482,2023-05-17 04:21:29,2023-05-17,LN100954,CU900954,DELINQUENCY,2,22501463.0,2175441.44,18150580.12,0.2834,6,23,DELINQUENT,AGENTE,ANTIOQUIA,CONSUMO
EVT000016252,2023-01-17 12:51:05,,LN101637,CU901637,DISBURSEMENT,0,8064761.0,324525.98,8064761.0,0.2024,12,0,ACTIVE,ONLINE,ATLANTICO,LIBRANZA
EVT000019005,2025-01-22 22:19:47,2025-01-23,LN101917,CU901917,DISBURSEMENT,0,16030052.0,140303.03,16030052.0,0.1501,48,0,ACTIVE,OFFLINE,ATLANTICO,MICROCREDITO
EVT000003466,2024-11-12 17:24:13,2024-11-12,LN100346,CU900346,PAYMENT,7,12421074.0,261960.45,10587350.85,0.2218,24,47,DELINQUENT,AGENTE,BOLIVAR,MICROCREDITO
EVT000010727,2024-11-21 22:32:51,2024-11-22,LN101079,CU901079,PAYMENT,1,17327508.0,443757.48,16883750.52,0.3122,24,0,ACTIVE,ONLINE,RISARALDA,CONSUMO
EVT000016176,2025-10-25 02:02:40,2025-10-25,LN101629,CU901629,PAYMENT,5,20604603.0,645748.26,17375861.7,0.1134,12,0,ACTIVE,ONLINE,NARINO,MICROCREDITO
EVT000007765,2026-06-25 18:42:21,2026-06-25,LN100777,CU900777,PAYMENT,7,9980972.0,675512.18,5252386.74,0.1384,6,0,ACTIVE,ONLINE,ATLANTICO,VEHICULO
EVT000004706,2025-12-12 07:24:09,2025-12-13,LN100473,CU900473,DISBURSEMENT,0,21557649.0,374240.79,21557649.0,0.3208,36,0,ACTIVE,OFFLINE,NARINO,VEHICULO
EVT000003769,2025-05-07 22:24:53,,LN100376,CU900376,PAYMENT,6,29661942.0,623938.95,25918308.3,0.2207,24,0,ACTIVE,ONLINE,CALDAS,CONSUMO
EVT000003320,2025-07-28 21:42:47,2025-07-29,LN100332,CU900332,DISBURSEMENT,0,3564832.0,61992.43,3564832.0,0.3217,36,0,ACTIVE,AGENTE,NARINO,MICROCREDITO
EVT000010373,2024-02-14 12:07:13,,LN101041,CU901041,PAYMENT,2,18567133.0,931513.06,16704106.88,0.3017,12,31,DELINQUENT,AGENTE,NARINO,MICROCREDITO
EVT000014279,2024-06-05 05:22:14,2024-06-06,LN101437,CU901437,PAYMENT,3,28929618.0,513356.07,27389549.79,0.1549,24,13,DELINQUENT,ONLINE,CUNDINAMARCA,CONSUMO
EVT000009770,2024-06-06 22:26:49,2024-06-07,LN100982,CU900982,DISBURSEMENT,0,29456811.0,961666.69,29456811.0,0.2897,18,0,ACTIVE,OFFLINE,BOGOTA,LIBRANZA
EVT000013346,2026-04-24 10:13:35,2026-04-24,LN101340,CU901340,PAYMENT,5,17793857.0,301783.81,16284937.95,0.1392,24,0,ACTIVE,OFFLINE,ANTIOQUIA,CONSUMO
EVT000012015,2023-05-17 04:45:25,,LN101207,CU901207,PAYMENT,5,23878820.0,380071.22,21978463.9,0.2775,36,0,ACTIVE,AGENTE,CUNDINAMARCA,CONSUMO
EVT000008579,2024-12-30 14:44:05,2024-12-31,LN100861,CU900861,PAYMENT,1,5205267.0,175174.59,5030092.41,0.3048,18,0,ACTIVE,OFFLINE,ANTIOQUIA,CONSUMO
EVT000017453,2025-01-31 08:11:42,2025-01-31,LN101761,CU901761,PAYMENT,3,18189855.0,1143778.08,14758520.76,0.1144,6,12,DELINQUENT,AGENTE,RISARALDA,CONSUMO
EVT000009071,2025-08-20 11:22:24,2025-08-21,LN100911,CU900911,PAYMENT,4,2176770.0,50000.0,0.0,0.2696,36,0,ACTIVE,OFFLINE,ATLANTICO,CONSUMO
EVT000004351,2023-10-26 18:31:25,2023-10-26,LN100434,CU900434,PAYMENT,11,21518254.0,226515.49,19026583.61,0.1158,36,219,DELINQUENT,AGENTE,NARINO,CONSUMO
EVT000009943,2024-12-03 01:07:02,2024-12-03,LN100999,CU900999,PAYMENT,3,15590957.0,486333.92,14131955.24,0.2679,18,0,ACTIVE,OFFLINE,VALLE,MICROCREDITO
EVT000010880,2026-03-18 14:34:45,2026-03-19,LN101095,CU901095,DISBURSEMENT,7,28911154.0,934697.61,22368270.73,0.1233,12,0,ACTIVE,ONLINE,RISARALDA,CONSUMO
EVT000002299,2024-03-26 10:51:53,,LN100229,CU900229,PAYMENT,1,20312484.0,210979.0,20101505.0,0.1116,36,0,ACTIVE,ONLINE,ATLANTICO,CONSUMO
EVT000004404,2026-04-12 20:51:26,2026-04-13,LN100440,CU900440,PAYMENT,6,12870689.0,129028.66,12096517.04,0.201,48,0,ACTIVE,ONLINE,BOLIVAR,MICROCREDITO
EVT000010371,2024-01-03 11:28:32,2024-01-03,LN101041,CU901041,PAYMENT,1,18567133.0,931513.06,17635619.94,0.3017,12,0,ACTIVE,AGENTE,NARINO,MICROCREDITO
EVT000002932,2023-08-12 02:17:22,2023-08-13,LN100292,CU900292,DELINQUENCY,3,26967297.0,1847799.19,21423899.43,0.1426,6,14,DELINQUENT,AGENTE,ANTIOQUIA,VEHICULO
EVT000016937,2025-06-08 00:11:35,2025-06-09,LN101706,CU901706,DISBURSEMENT,0,12863064.0,319518.51,12863064.0,0.2968,24,0,ACTIVE,ONLINE,ANTIOQUIA,LIBRANZA
EVT000009404,2025-02-27 08:33:37,2025-02-28,LN100946,CU900946,PAYMENT,9,10167852.0,237927.74,8026502.34,0.151,18,12,DELINQUENT,OFFLINE,BOGOTA,CONSUMO
EVT000008939,2025-02-25 20:54:16,2025-02-25,LN100899,CU900899,PAYMENT,4,21849796.0,1100137.23,17449247.08,0.3035,12,0,ACTIVE,ONLINE,BOGOTA,CONSUMO
EVT000002702,2025-04-14 15:40:30,2025-04-14,LN100269,CU900269,PAYMENT,7,10769765.0,374249.33,8150019.69,0.1475,12,0,ACTIVE,ONLINE,CUNDINAMARCA,CONSUMO
EVT000017629,2024-07-04 06:32:19,2024-07-05,LN101781,CU901781,DELINQUENCY,2,18149751.0,735609.41,16678532.18,0.2053,12,18,DELINQUENT,ONLINE,ANTIOQUIA,CONSUMO
EVT000007652,2026-06-16 14:48:15,2026-06-17,LN100766,CU900766,DISBURSEMENT,10,28509309.0,694106.64,21568242.6,0.1652,18,0,ACTIVE,OFFLINE,VALLE,CONSUMO
EVT000003883,2024-03-31 17:20:59,2024-03-31,LN100388,CU900388,CHARGEOFF,1,14582344.0,361423.4,14220920.6,0.2957,24,301,CHARGEOFF,ONLINE,ANTIOQUIA,LIBRANZA
EVT000018955,2024-02-08 12:09:51,2024-02-08,LN101911,CU901911,PAYMENT,8,17073949.0,1444456.09,5518300.28,0.223,6,161,DELINQUENT,OFFLINE,ATLANTICO,LIBRANZA
EVT000018737,2024-09-13 08:47:52,2024-09-13,LN101891,CU901891,CLOSE,7,26233841.0,1329268.72,0.0,0.3067,12,0,CLOSED,OFFLINE,BOGOTA,VEHICULO
EVT000012154,2023-08-16 14:39:01,2023-08-17,LN101222,CU901222,DISBURSEMENT,0,5388182.0,53289.12,5388182.0,0.0967,36,0,ACTIVE,OFFLINE,VALLE,CONSUMO
EVT000007249,2023-08-09 11:02:25,2023-08-10,LN100725,CU900725,PAYMENT,2,14475049.0,370199.38,13734650.24,0.3115,24,0,ACTIVE,ONLINE,ATLANTICO,CONSUMO
EVT000005277,2024-01-27 09:58:20,,LN100529,CU900529,PAYMENT,7,14448507.0,650471.79,9895204.47,0.2502,12,0,ACTIVE,OFFLINE,BOGOTA,CONSUMO
EVT000000551,2026-08-26 13:55:21,2026-08-26,LN100055,CU900055,PAYMENT,13,22119056.0,243383.35,18955072.45,0.1301,36,0,ACTIVE,ONLINE,ATLANTICO,LIBRANZA
EVT000012114,2026-02-25 03:05:08,,LN101217,CU901217,PAYMENT,4,26596693.0,333167.91,0.0,0.1758,36,18,DELINQUENT,AGENTE,,VEHICULO
EVT000000193,2026-01-10 16:41:56,2026-01-11,LN100019,CU900019,PAYMENT,8,26806888.0,321682.66,24233426.72,0.28,48,162,DELINQUENT,OFFLINE,BOLIVAR,MICROCREDITO
EVT000014420,2024-01-28 22:42:25,2024-01-28,LN101451,CU901451,PAYMENT,6,6052026.0,121121.21,5325298.74,0.1002,18,0,ACTIVE,AGENTE,BOLIVAR,CONSUMO
EVT000014890,2026-06-09 21:53:39,2026-06-09,LN101498,CU901498,PAYMENT,3,15578530.0,507340.79,0.0,0.2885,18,0,ACTIVE,OFFLINE,VALLE,MICROCREDITO
EVT000017234,2024-02-19 09:28:59,2024-02-19,LN101736,CU901736,PAYMENT,4,9665968.0,405680.68,8043245.28,0.2197,12,0,ACTIVE,AGENTE,ANTIOQUIA,CONSUMO
EVT000013562,2025-03-14 00:17:27,2025-03-14,LN101362,CU901362,PAYMENT,5,23904266.0,1014258.01,18832975.95,0.2243,12,173,DELINQUENT,AGENTE,CUNDINAMARCA,CONSUMO
EVT000009246,2023-07-29 03:22:02,2023-07-30,LN100929,CU900929,PAYMENT,4,19123912.0,490528.34,17161798.64,0.313,24,225,DELINQUENT,APP,CALDAS,VEHICULO
EVT000011123,2024-05-31 02:07:32,2024-05-31,LN101119,CU901119,PAYMENT,6,13305927.0,599032.83,9711730.02,0.2502,12,212,DELINQUENT,ONLINE,NARINO,CONSUMO
EVT000000692,2023-06-11 04:14:03,2023-06-11,LN100071,CU900071,DELINQUENCY,0,9058093.0,93781.46,9058093.0,0.1106,36,11,DELINQUENT,AGENTE,VALLE,CONSUMO
EVT000010515,2026-07-07 12:21:33,,LN101056,CU901056,PAYMENT,8,11078395.0,365808.6,8151926.2,0.2953,18,0,ACTIVE,OFFLINE,RISARALDA,CONSUMO
EVT000008847,2025-12-22 12:35:39,2025-12-22,LN100889,CU900889,PAYMENT,4,17245629.0,609632.99,14807097.04,0.1535,12,29,DELINQUENT,APP,VALLE,MICROCREDITO
EVT000013945,2025-10-01 08:43:52,,LN101401,CU901401,PAYMENT,2,7917299.0,142511.38,7632276.24,0.16,24,0,ACTIVE,ONLINE,BOGOTA,CONSUMO
EVT000006827,2024-07-14 06:26:03,2024-07-14,LN100684,CU900684,CHARGEOFF,3,24744555.0,397232.59,0.0,0.2816,36,287,CHARGEOFF,ONLINE,SANTANDER,CONSUMO
EVT000007938,2025-06-14 07:41:59,2025-06-14,LN100796,CU900796,DISBURSEMENT,2,26173294.0,611277.28,24950739.44,0.2671,24,0,ACTIVE,ONLINE,BOGOTA,LIBRANZA
EVT000007806,2023-08-14 06:55:00,2023-08-15,LN100781,CU900781,DISBURSEMENT,4,17928151.0,472496.42,16038165.32,0.3271,24,26,DELINQUENT,ONLINE,VALLE,LIBRANZA
EVT000006080,2023-04-25 03:13:44,2023-04-25,LN100607,CU900607,PAYMENT,1,13628217.0,333073.62,13295143.38,0.1666,18,0,ACTIVE,ONLINE,ANTIOQUIA,VEHICULO
EVT000008935,2024-12-10 17:35:32,,LN100899,CU900899,DISBURSEMENT,0,21849796.0,1100137.23,21849796.0,0.3035,12,0,ACTIVE,ONLINE,BOGOTA,CONSUMO
EVT000013407,2024-07-08 16:42:38,,LN101346,CU901346,DELINQUENCY,1,6777267.0,73917.39,6703349.61,0.1272,36,26,DELINQUENT,ONLINE,ANTIOQUIA,VEHICULO
EVT000007282,2024-04-18 12:40:00,2024-04-19,LN100728,CU900728,DELINQUENCY,1,21759053.0,564321.04,21194731.96,0.3187,24,40,DELINQUENT,ONLINE,BOGOTA,MICROCREDITO
EVT000008470,2025-07-22 10:32:13,2025-07-22,LN100849,CU900849,DELINQUENCY,3,10423047.0,278295.35,9588160.95,0.334,24,21,DELINQUENT,APP,ANTIOQUIA,CONSUMO
EVT000013750,2025-04-07 20:34:39,2025-04-08,LN101381,CU901381,PAYMENT,1,2683911.0,109718.28,2574192.72,0.2088,12,0,ACTIVE,OFFLINE,BOGOTA,VEHICULO
EVT000016026,2024-09-11 01:35:03,2024-09-12,LN101614,CU901614,PAYMENT,1,15756474.0,234929.03,15521544.97,0.2473,36,0,ACTIVE,AGENTE,ANTIOQUIA,CONSUMO
EVT000006501,2024-01-16 15:21:48,2024-01-17,LN100649,CU900649,PAYMENT,1,12987699.0,265598.44,12722100.56,0.209,24,35,DELINQUENT,ONLINE,VALLE,CONSUMO
EVT000003046,2024-03-02 15:29:05,2024-03-02,LN100303,CU900303,DELINQUENCY,4,2295471.0,50000.0,2095471.0,0.0904,24,44,DELINQUENT,AGENTE,CUNDINAMARCA,CONSUMO
EVT000006841,2024-09-19 19:26:01,2024-09-19,LN100685,CU900685,PAYMENT,6,2465956.0,50000.0,2165956.0,0.2063,36,0,ACTIVE,AGENTE,VALLE,CONSUMO
EVT000008750,2023-12-24 05:28:36,2023-12-25,LN100879,CU900879,DELINQUENCY,4,16374416.0,213358.64,15520981.44,0.1909,36,23,DELINQUENT,ONLINE,ANTIOQUIA,VEHICULO
EVT000012193,2024-02-02 01:05:56,2024-02-02,LN101225,CU901225,PAYMENT,4,18952460.0,445382.81,17170928.76,0.27,24,0,ACTIVE,OFFLINE,BOLIVAR,CONSUMO
EVT000009159,2024-02-28 11:06:24,2024-02-29,LN100920,CU900920,DISBURSEMENT,4,25295848.0,396638.9,23709292.4,0.1136,24,0,ACTIVE,OFFLINE,CALDAS,CONSUMO
EVT000017903,2023-03-25 00:30:37,2023-03-25,LN101807,CU901807,PAYMENT,1,2174048.0,211621.83,1962426.17,0.2867,6,0,ACTIVE,ONLINE,CALDAS,LIBRANZA
EVT000017325,2025-05-09 01:44:13,2025-05-09,LN101746,CU901746,PAYMENT,2,25590764.0,2324153.19,20942457.62,0.2541,6,0,ACTIVE,OFFLINE,BOGOTA,CONSUMO
EVT000013226,2024-01-09 07:52:04,2024-01-10,LN101329,CU901329,PAYMENT,5,3651718.0,90964.3,3196896.5,0.2982,24,25,DELINQUENT,AGENTE,BOGOTA,VEHICULO
EVT000013502,2025-05-24 08:35:11,2025-05-25,LN101356,CU901356,DISBURSEMENT,5,23903893.0,357522.56,22116280.2,0.2487,36,6,DELINQUENT,OFFLINE,NARINO,CONSUMO
EVT000015496,2023-07-15 14:09:08,2023-07-15,LN101559,CU901559,PAYMENT,4,10833638.0,349565.39,9435376.44,0.284,18,321,DELINQUENT,OFFLINE,ATLANTICO,MICROCREDITO
EVT000018478,2025-08-27 01:59:01,2025-08-28,LN101866,CU901866,PAYMENT,4,10886566.0,223610.07,9992125.72,0.1081,18,0,ACTIVE,OFFLINE,RISARALDA,VEHICULO
EVT000010378,2024-06-05 14:49:16,2024-06-05,LN101041,CU901041,DELINQUENCY,5,18567133.0,931513.06,13909567.7,0.3017,12,82,DELINQUENT,AGENTE,NARINO,MICROCREDITO
EVT000000578,2024-01-23 12:27:46,,LN100058,CU900058,PAYMENT,5,5921142.0,211976.88,4861257.6,0.337,18,0,ACTIVE,OFFLINE,CUNDINAMARCA,VEHICULO
EVT000010576,2024-04-23 21:10:23,2024-04-24,LN101063,CU901063,PAYMENT,2,4139042.0,50000.0,4039042.0,0.0819,36,0,ACTIVE,AGENTE,CUNDINAMARCA,CONSUMO
EVT000010397,2025-03-16 16:51:42,2025-03-16,LN101043,CU901043,CHARGEOFF,6,19475440.0,1094519.73,12908321.62,0.081,6,345,CHARGEOFF,AGENTE,SANTANDER,CONSUMO
EVT000008791,2024-05-19 14:23:20,2024-05-19,LN100884,CU900884,PAYMENT,5,29473785.0,656233.82,26192615.9,0.2453,24,0,ACTIVE,AGENTE,CALDAS,VEHICULO
EVT000005106,2026-02-05 02:20:29,2026-02-05,LN100511,CU900511,PAYMENT,7,21388161.0,373758.11,18771854.23,0.1495,24,0,ACTIVE,OFFLINE,SANTANDER,CONSUMO
EVT000004040,2025-07-03 13:36:31,2025-07-04,LN100404,CU900404,PAYMENT,5,13232013.0,209925.89,12182383.55,0.1173,24,0,ACTIVE,OFFLINE,NARINO,CONSUMO
EVT000009521,2024-02-14 20:23:44,2024-02-15,LN100958,CU900958,PAYMENT,1,25293839.0,442979.43,24850859.57,0.3254,36,0,ACTIVE,ONLINE,CUNDINAMARCA,CONSUMO
EVT000008515,2023-10-01 14:37:58,2023-10-02,LN100853,CU900853,PAYMENT,6,23742220.0,748196.49,19253041.06,0.2727,18,26,DELINQUENT,ONLINE,ATLANTICO,VEHICULO
EVT000005054,2025-04-15 11:05:16,2025-04-15,LN100505,CU900505,PAYMENT,5,27043867.0,1271332.19,20687206.05,0.2701,12,1,DELINQUENT,OFFLINE,CUNDINAMARCA,LIBRANZA
EVT000012803,2024-06-25 15:29:07,2024-06-25,LN101286,CU901286,DELINQUENCY,8,9797479.0,144643.45,8640331.4,0.2429,36,42,DELINQUENT,ONLINE,ANTIOQUIA,CONSUMO
EVT000011466,2024-12-29 18:31:13,2024-12-29,LN101151,CU901151,PAYMENT,4,19447299.0,1055793.86,15224123.56,0.3429,12,12,DELINQUENT,OFFLINE,BOLIVAR,LIBRANZA
EVT000019027,2024-10-22 09:18:50,2024-10-23,LN101919,CU901919,DELINQUENCY,4,26808373.0,372815.11,25317112.56,0.2172,36,5,DELINQUENT,ONLINE,CUNDINAMARCA,CONSUMO
EVT000013134,2024-09-24 15:53:26,2024-09-24,LN101319,CU901319,DELINQUENCY,3,29748918.0,602118.1,27942563.7,0.1036,18,29,DELINQUENT,OFFLINE,CALDAS,MICROCREDITO
EVT000014180,2025-07-21 03:58:52,2025-07-22,LN101426,CU901426,DISBURSEMENT,0,4673804.0,211255.94,4673804.0,0.252,12,0,ACTIVE,ONLINE,VALLE,LIBRANZA
EVT000018043,2023-04-05 10:08:48,2023-04-06,LN101821,CU901821,DELINQUENCY,0,16746829.0,314617.09,16746829.0,0.0818,18,84,DELINQUENT,ONLINE,RISARALDA,CONSUMO
EVT000005060,2023-08-18 06:36:33,2023-08-19,LN100506,CU900506,PAYMENT,4,24946100.0,675207.77,22245268.92,0.206,18,28,DELINQUENT,OFFLINE,BOGOTA,CONSUMO
EVT000011412,2025-05-12 20:57:44,,LN101145,CU901145,PAYMENT,8,7651318.0,138068.03,6546773.76,0.1609,24,0,ACTIVE,AGENTE,NARINO,MICROCREDITO
EVT000015554,2025-12-06 16:07:25,2025-12-06,LN101565,CU901565,PAYMENT,5,1174223.0,50000.0,0.0,0.1051,24,0,ACTIVE,OFFLINE,SANTANDER,LIBRANZA
EVT000015996,2024-07-02 11:14:28,2024-07-02,LN101611,CU901611,PAYMENT,1,23528848.0,703041.98,22825806.02,0.2482,18,29,DELINQUENT,OFFLINE,RISARALDA,CONSUMO
EVT000017647,2023-10-18 06:58:01,,LN101783,CU901783,DISBURSEMENT,0,3126940.0,104252.18,3126940.0,0.1334,12,0,ACTIVE,OFFLINE,BOGOTA,LIBRANZA
EVT000011810,2025-06-01 03:15:55,2025-06-02,LN101187,CU901187,PAYMENT,4,4065886.0,187640.64,0.0,0.2615,12,0,ACTIVE,ONLINE,VALLE,CONSUMO
EVT000005216,2026-04-21 02:11:37,2026-04-22,LN100522,CU900522,PAYMENT,10,7085446.0,366671.83,3418727.7,0.3175,12,147,DELINQUENT,ONLINE,ANTIOQUIA,MICROCREDITO
EVT000013100,2025-08-03 07:23:15,2025-08-03,LN101315,CU901315,DELINQUENCY,2,10786160.0,234203.49,10317753.02,0.1257,18,15,DELINQUENT,ONLINE,VALLE,MICROCREDITO
EVT000004164,2025-04-27 07:15:44,2025-04-27,LN100416,CU900416,PAYMENT,5,29828095.0,663973.39,26508228.05,0.1339,18,20,DELINQUENT,APP,RISARALDA,CONSUMO
EVT000012647,2025-08-06 17:21:03,2025-08-06,LN101271,CU901271,PAYMENT,7,5176228.0,79351.58,4620766.94,0.1066,24,0,ACTIVE,AGENTE,CALDAS,CONSUMO
EVT000013531,2023-09-29 01:56:19,2023-09-29,LN101359,CU901359,DISBURSEMENT,1,25929793.0,515830.02,25413962.98,0.0984,18,0,ACTIVE,ONLINE,ATLANTICO,CONSUMO
EVT000012631,2025-08-10 00:42:39,2025-08-11,LN101270,CU901270,PAYMENT,2,20014665.0,1007137.94,18000389.12,0.3032,12,0,ACTIVE,ONLINE,BOGOTA,CONSUMO
EVT000002806,2024-11-24 01:59:57,,LN100279,CU900279,PAYMENT,5,20489931.0,613058.74,17424637.3,0.0992,12,33,DELINQUENT,AGENTE,RISARALDA,VEHICULO
EVT000005018,2024-09-04 20:46:01,2024-09-05,LN100502,CU900502,PAYMENT,5,22916427.0,506109.29,20385880.55,0.2417,24,40,DELINQUENT,ONLINE,RISARALDA,VEHICULO
EVT000005428,2024-09-04 17:23:26,2024-09-04,LN100544,CU900544,PAYMENT,7,3270453.0,50000.0,2920453.0,0.1794,36,271,DELINQUENT,AGENTE,ANTIOQUIA,CONSUMO
EVT000011629,2024-10-09 23:01:57,,LN101167,CU901167,DELINQUENCY,6,5514269.0,142415.19,4659777.86,0.1874,18,65,DELINQUENT,ONLINE,CUNDINAMARCA,CONSUMO
EVT000012805,2023-02-18 00:58:41,2023-02-19,LN101287,CU901287,DISBURSEMENT,0,6887415.0,603613.05,6887415.0,0.2382,6,0,ACTIVE,AGENTE,VALLE,CONSUMO
EVT000013604,2025-03-25 03:29:33,2025-03-26,LN101367,CU901367,DELINQUENCY,1,18883851.0,437853.56,18445997.44,0.1478,18,9,DELINQUENT,AGENTE,ATLANTICO,CONSUMO
EVT000001358,2025-08-17 07:00:56,2025-08-17,LN100137,CU900137,PAYMENT,7,28437289.0,2043503.59,14132763.87,0.1593,6,0,ACTIVE,OFFLINE,BOGOTA,MICROCREDITO
EVT000018953,2024-01-05 10:43:29,2024-01-06,LN101911,CU901911,PAYMENT,6,17073949.0,1444456.09,8407212.46,0.223,6,171,DELINQUENT,OFFLINE,ATLANTICO,LIBRANZA
EVT000005331,2025-02-23 00:57:24,2025-02-23,LN100535,CU900535,PAYMENT,5,5616480.0,88319.15,5174884.25,0.1145,24,0,ACTIVE,AGENTE,CALDAS,LIBRANZA
EVT000011821,2025-04-12 07:57:31,2025-04-13,LN101188,CU901188,PAYMENT,4,10835932.0,197376.5,10046426.0,0.1643,24,0,ACTIVE,ONLINE,BOGOTA,MICROCREDITO
EVT000013308,2025-11-16 10:57:37,2025-11-17,LN101336,CU901336,PAYMENT,9,21749628.0,559509.18,16714045.38,0.3145,24,3,DELINQUENT,AGENTE,CUNDINAMARCA,MICROCREDITO
EVT000012023,2023-09-18 22:44:09,2023-09-19,LN101208,CU901208,PAYMENT,1,21278933.0,1403132.84,19875800.16,0.1297,6,0,ACTIVE,OFFLINE,BOLIVAR,MICROCREDITO
EVT000002200,2024-12-24 15:35:31,2024-12-25,LN100218,CU900218,PAYMENT,6,8201855.0,374168.63,5956843.22,0.2562,12,0,ACTIVE,ONLINE,ATLANTICO,CONSUMO
EVT000007174,2023-02-02 12:29:22,2023-02-02,LN100718,CU900718,PAYMENT,2,22320656.0,564600.99,21191454.02,0.3059,24,0,ACTIVE,OFFLINE,VALLE,CONSUMO
EVT000005863,2026-03-04 12:10:48,2026-03-04,LN100586,CU900586,DISBURSEMENT,5,20769931.0,994256.6,15798648.0,0.2787,12,0,ACTIVE,APP,CUNDINAMARCA,CONSUMO
EVT000006475,2026-02-14 20:07:55,2026-02-14,LN100645,CU900645,PAYMENT,7,17426538.0,289367.66,15400964.38,0.1321,24,0,ACTIVE,AGENTE,BOLIVAR,VEHICULO
EVT000001594,2024-05-30 20:50:12,,LN100161,CU900161,PAYMENT,9,1170810.0,50000.0,720810.0,0.2118,24,0,ACTIVE,AGENTE,BOGOTA,MICROCREDITO
EVT000012330,2023-06-11 01:37:28,2023-06-12,LN101240,CU901240,PAYMENT,3,18774054.0,397916.07,17580305.79,0.2239,24,0,ACTIVE,ONLINE,RISARALDA,CONSUMO
EVT000008102,2023-04-04 17:38:59,2023-04-04,LN100813,CU900813,DISBURSEMENT,0,29088816.0,2882119.89,29088816.0,0.2954,6,0,ACTIVE,ONLINE,ANTIOQUIA,CONSUMO
EVT000014948,2023-07-11 10:52:09,2023-07-12,LN101505,CU901505,DISBURSEMENT,0,22321203.0,317072.69,22321203.0,0.0841,24,0,ACTIVE,ONLINE,RISARALDA,CONSUMO
EVT000016948,2025-02-25 10:35:25,2025-02-26,LN101707,CU901707,PAYMENT,3,2257518.0,50000.0,2107518.0,0.1427,48,0,ACTIVE,ONLINE,RISARALDA,VEHICULO
EVT000007507,2026-01-02 14:57:10,2026-01-03,LN100753,CU900753,PAYMENT,2,11884595.0,201800.42,11480994.16,0.3094,36,0,ACTIVE,ONLINE,SANTANDER,CONSUMO
EVT000018812,2023-09-24 12:19:07,2023-09-25,LN101898,CU901898,PAYMENT,4,5129813.0,158545.42,4495631.32,0.2636,18,127,DELINQUENT,ONLINE,VALLE,LIBRANZA
EVT000009003,2026-06-18 21:07:31,2026-06-18,LN100904,CU900904,PAYMENT,11,6715883.0,133310.28,5249469.92,0.197,24,0,ACTIVE,ONLINE,BOLIVAR,CONSUMO
EVT000010205,2026-01-18 23:47:01,2026-01-19,LN101024,CU901024,PAYMENT,2,4946668.0,60163.85,4826340.3,0.2865,48,0,ACTIVE,ONLINE,BOGOTA,CONSUMO
EVT000006688,2025-05-29 07:58:17,2025-05-29,LN100669,CU900669,PAYMENT,3,22142831.0,914056.06,19400662.82,0.2128,12,0,ACTIVE,ONLINE,VALLE,VEHICULO
EVT000005102,2025-10-27 00:10:01,2025-10-27,LN100511,CU900511,PAYMENT,3,21388161.0,373758.11,20266886.67,0.1495,24,0,ACTIVE,OFFLINE,SANTANDER,CONSUMO
EVT000016610,2025-12-10 12:34:01,2025-12-11,LN101673,CU901673,PAYMENT,1,17613369.0,603434.02,17009934.98,0.3139,18,16,DELINQUENT,ONLINE,CALDAS,CONSUMO
EVT000010327,2025-03-25 08:18:24,2025-03-25,LN101037,CU901037,PAYMENT,3,2773863.0,58232.63,2599165.11,0.1149,18,0,ACTIVE,OFFLINE,CALDAS,MICROCREDITO
EVT000001980,2025-01-20 19:52:14,2025-01-20,LN100197,CU900197,PAYMENT,4,6194675.0,220447.83,5312883.68,0.3338,18,115,DELINQUENT,ONLINE,ANTIOQUIA,MICROCREDITO
EVT000017612,2024-05-13 22:41:48,2024-05-14,LN101779,CU901779,PAYMENT,1,6751906.0,347520.6,6404385.4,0.3147,12,0,ACTIVE,ONLINE,CUNDINAMARCA,VEHICULO
EVT000010101,2024-09-04 13:08:45,2024-09-04,LN101014,CU901014,PAYMENT,3,5592320.0,163780.41,5100978.77,0.2393,18,0,ACTIVE,ONLINE,BOGOTA,CONSUMO
EVT000008531,2023-10-17 17:52:14,2023-10-18,LN100855,CU900855,PAYMENT,4,5046083.0,165561.98,4383835.08,0.1281,12,11,DELINQUENT,ONLINE,BOGOTA,CONSUMO
EVT000008743,2025-03-05 00:49:03,2025-03-05,LN100878,CU900878,PAYMENT,8,27308088.0,529230.75,23074242.0,0.1876,24,0,ACTIVE,OFFLINE,VALLE,CONSUMO
EVT000005678,2023-07-18 06:35:32,2023-07-18,LN100568,CU900568,PAYMENT,5,3882179.0,310651.96,2328919.2,0.2001,6,40,DELINQUENT,ONLINE,BOGOTA,CONSUMO
EVT000007920,2025-12-21 14:16:40,2025-12-22,LN100794,CU900794,PAYMENT,2,23672294.0,601118.45,22470057.1,0.1809,18,0,ACTIVE,ONLINE,ANTIOQUIA,MICROCREDITO
EVT000012891,2023-07-18 01:47:54,2023-07-18,LN101295,CU901295,PAYMENT,3,7431827.0,255729.17,6664639.49,0.1441,12,15,DELINQUENT,OFFLINE,NARINO,CONSUMO
EVT000005199,2024-06-30 09:08:18,,LN100521,CU900521,PAYMENT,8,9054349.0,180272.09,7612172.28,0.1982,24,0,ACTIVE,AGENTE,SANTANDER,MICROCREDITO
EVT000003106,2023-10-29 00:09:04,2023-10-29,LN100309,CU900309,PAYMENT,4,6384875.0,175754.33,5681857.68,0.2129,18,13,DELINQUENT,ONLINE,CUNDINAMARCA,MICROCREDITO
EVT000005671,2023-01-28 01:50:40,2023-01-28,LN100568,CU900568,PAYMENT,1,3882179.0,310651.96,3571527.04,0.2001,6,0,ACTIVE,ONLINE,BOGOTA,CONSUMO
EVT000009562,2023-06-23 20:39:02,2023-06-24,LN100962,CU900962,DISBURSEMENT,0,16180212.0,412190.9,16180212.0,0.3095,24,0,ACTIVE,AGENTE,BOGOTA,CONSUMO
EVT000005938,2024-01-21 02:30:48,2024-01-22,LN100593,CU900593,PAYMENT,8,22839054.0,234956.77,20959399.84,0.2115,48,0,ACTIVE,ONLINE,VALLE,VEHICULO
EVT000018821,2025-08-29 11:49:27,2025-08-30,LN101899,CU901899,PAYMENT,5,29531304.0,943820.48,0.0,0.2794,18,0,ACTIVE,ONLINE,ATLANTICO,CONSUMO
EVT000014252,2023-10-28 01:44:27,,LN101434,CU901434,DELINQUENCY,0,14193505.0,267689.5,14193505.0,0.1772,24,39,DELINQUENT,OFFLINE,SANTANDER,LIBRANZA
EVT000014610,2024-12-12 03:06:29,2024-12-12,LN101470,CU901470,CLOSE,1,13379417.0,,0.0,0.1923,24,0,CLOSED,AGENTE,VALLE,VEHICULO
EVT000009278,2024-09-08 15:49:00,,LN100932,CU900932,PAYMENT,7,22598865.0,981242.72,0.0,0.2342,12,8,DELINQUENT,ONLINE,CUNDINAMARCA,CONSUMO
EVT000003237,2025-11-29 00:14:05,2025-11-29,LN100324,CU900324,PAYMENT,1,9472325.0,438758.09,9033566.91,0.2632,12,0,ACTIVE,AGENTE,ANTIOQUIA,CONSUMO
EVT000005415,2024-02-24 04:35:25,2024-02-24,LN100543,CU900543,PAYMENT,3,26911274.0,1377049.89,22780124.33,0.3117,12,0,ACTIVE,APP,CUNDINAMARCA,VEHICULO
EVT000019224,2025-01-24 18:56:30,2025-01-25,LN101939,CU901939,PAYMENT,3,10700477.0,445353.85,9364415.45,0.2162,12,0,ACTIVE,OFFLINE,CUNDINAMARCA,LIBRANZA
EVT000000166,2025-07-05 19:27:11,2025-07-05,LN100016,CU900016,PAYMENT,6,23874088.0,704922.24,19644554.56,0.2429,18,10,DELINQUENT,AGENTE,VALLE,CONSUMO
EVT000006166,2025-02-15 14:19:50,2025-02-15,LN100616,CU900616,PAYMENT,3,5448954.0,137122.93,5037585.21,0.3033,24,0,ACTIVE,APP,NARINO,LIBRANZA
EVT000013708,2026-04-03 00:17:17,2026-04-03,LN101376,CU901376,PAYMENT,6,18059147.0,925170.1,12508126.4,0.3123,12,22,DELINQUENT,ONLINE,BOGOTA,MICROCREDITO
EVT000008349,2025-02-19 04:18:51,2025-02-20,LN100835,CU900835,PAYMENT,3,12438210.0,554495.4,10774723.8,0.2458,12,31,DELINQUENT,OFFLINE,ANTIOQUIA,CONSUMO
EVT000013395,2025-03-25 06:32:49,,LN101344,CU901344,PAYMENT,10,4378660.0,68635.5,3692305.0,0.1135,24,1,DELINQUENT,OFFLINE,SANTANDER,LIBRANZA
EVT000003270,2025-07-19 19:14:35,2025-07-20,LN100327,CU900327,DISBURSEMENT,0,29180089.0,504426.47,29180089.0,0.3186,36,0,ACTIVE,ONLINE,RISARALDA,CONSUMO
